"created_at";"text";"id_str";"in_reply_to_status_id";"username1";"userscreen_name1";"userlocation1"
"Fri Nov 29 23:59:13 +0000 2019";"EstarÃ­a necesitando una buena pileta en este momento ğŸ˜­";1200564904564023302;NA;"Ali Ortmann ğŸŒº";"99aliortmann";""
"Fri Nov 29 23:58:29 +0000 2019";"RT @Agus2Peralta: EstarÃ­a necesitando una 2 para ir al bellas";1200564722086662144;NA;"ğš£ğš˜ğš";"Sinddoni24";"221B Baker Street"
"Fri Nov 29 23:58:01 +0000 2019";"RT @oscar_vire: Hola, @Haciendapy y @BNF_PYOFICIAL estarÃ­a necesitando que me completen la otra mitad de mi sueldo, con lo que depositaronâ€¦";1200564603786289153;NA;"Ariel Fonseca Vera";"FonsecaPato";"Paraguay"
"Fri Nov 29 23:56:01 +0000 2019";"EstarÃ­a necesitando que venga mi RubioğŸ™ˆğŸ˜";1200564098607521793;NA;"AnabelağŸ¬";"Anabelagz22";"Buenos Aires, Argentina"
"Fri Nov 29 23:55:49 +0000 2019";"AmigasS estarÃ­a necesitando otro buen finde";1200564048951152640;NA;"&&";"VickyZarate15";""
"Fri Nov 29 23:55:47 +0000 2019";"RT @NegraTomasa_: Estoy necesitando el reguetoncito de 'Y LA CULPA NO ERA MÃA, NI DÃ“NDE ESTABA NI CÃ“MO VESTÃA...'";1200564042542268416;NA;"AnağŸŒ¼";"Belys_Arroyo";"Barranquilla/Colombia"
"Fri Nov 29 23:55:35 +0000 2019";"RT @aleftespos: estarÃ­a necesitando estas fotos en hd miren quÃ© bells por favor https://t.co/i1BDNfJ8hz";1200563991556304896;NA;"Francisca.martinez.p";"Francis00912052";"Barcelona, EspaÃ±a"
"Fri Nov 29 23:55:03 +0000 2019";"RT @Lucia_M3: EstarÃ­a necesitando un trabajito para el verano";1200563855262437384;NA;"Fede";"fedezerpa77";"Nueva Helvecia"
"Fri Nov 29 23:55:03 +0000 2019";"RT @_valenholtkamp: realmente no m siento bien y estarÃ­a necesitando un pucho";1200563854654214145;NA;"v a l e n t i n a";"valennrussoo";""
"Fri Nov 29 23:55:00 +0000 2019";"RT @guadagarciac_: EstarÃ­a necesitando a alguien que cayera a mi ksa para ver Netflix , charlar, boludear, o no hacer nada en toda la tardeâ€¦";1200563843673534469;NA;"Mâ€¢Aâ€¢Râ€¢Tâ€¢I";"BontornoMarti";"Argentina"
"Fri Nov 29 23:54:57 +0000 2019";"@guadagarciac_ Estoy necesitando lo mismo, te juro";1200563829492604928;1200558525270909000;"Mâ€¢Aâ€¢Râ€¢Tâ€¢I";"BontornoMarti";"Argentina"
"Fri Nov 29 23:54:49 +0000 2019";"Unos masajitos en la espalda estaria necesitando";1200563797330669569;NA;"Nazareth";"Nachicarabajal";""
"Fri Nov 29 23:54:22 +0000 2019";"EstarÃ­a necesitando unos cuantos vasos de Gancia .... Como una botella ğŸ˜‚";1200563683979677696;NA;"Mica NuÃ±ez";"MikaMne25";"San Lorenzo, Argentina"
"Fri Nov 29 23:54:17 +0000 2019";"WayV en el puesto 35 estarÃ­a necesitando mÃ¡s cuentas ahre.";1200563664530616322;NA;"à³¯ï¼¬ï½•ï½†ï½ğŸ´â€â˜ ï¸á´¶áµ’á¶°á¶œÊ°á¶¤";"jonchitiny";"En las patas de Hongjoong"
"Fri Nov 29 23:53:52 +0000 2019";"RT @Solbrizuela11: EstarÃ­a necesitando tener la cabeza en el pecho de alguien que me toquen el pelo y dormir mil aÃ±os...";1200563557781442561;NA;"ğ’”ğ’•ğ’‚ğ’“ ğ’ƒğ’ğ’š";"nicobringass";""
"Fri Nov 29 23:52:34 +0000 2019";"RT @NegraTomasa_: Estoy necesitando el reguetoncito de 'Y LA CULPA NO ERA MÃA, NI DÃ“NDE ESTABA NI CÃ“MO VESTÃA...'";1200563232580292609;NA;"Laura J. Vega Marin";"LauraJVegaMarin";"BogotÃ¡, Colombia"
"Fri Nov 29 23:51:17 +0000 2019";"EstarÃ­a necesitando que me pase esto https://t.co/q9stynVWJw";1200562909774045185;NA;"Juan Cruz";"Arkinos17";"PaysandÃº, Uruguay"
"Fri Nov 29 23:50:53 +0000 2019";"EstarÃ­a necesitando uno https://t.co/X8STnAsfGH";1200562806661271553;NA;"â€  Bren ArÃ©valo â€ ";"bren_arevalo";"Tigre, Argentina"
"Fri Nov 29 23:50:47 +0000 2019";"RT @SantyDellaria: estarÃ­a necesitando que alguien me saque de mi casa";1200562783970103298;NA;"Eneyce";"KeepinIllmatic";""
"Fri Nov 29 23:50:37 +0000 2019";"Yo ya estarÃ­a necesitando salir de joda con mi primo y JoaquÃ­n";1200562742232567808;NA;"Brisaâ™Šï¸";"Brisa_navv";""
"Fri Nov 29 23:49:35 +0000 2019";"28 aÃ±os y sigo necesitando a mi madre cuando estoy enferma ğŸ¥º";1200562480596033542;NA;"Pao Potacek";"paiitopo";"Montevideo, Uruguay"
"Fri Nov 29 23:48:29 +0000 2019";"RT @NegraTomasa_: Estoy necesitando el reguetoncito de 'Y LA CULPA NO ERA MÃA, NI DÃ“NDE ESTABA NI CÃ“MO VESTÃA...'";1200562203675561985;NA;"NÃ©mesis.";"B_ombinaate";""
"Fri Nov 29 23:48:18 +0000 2019";"Hobi querÃ­a un abrazo y Jimin lo abrazÃ³....amo su amistad tan hermosa ğŸ’–(Ese abrazo de Jimin a Hobi, estarÃ­a necesâ€¦ https://t.co/LVYBDKSyAs";1200562159668867079;NA;"Êà¹€à¹€É±à¹€à¹€É³É³à¹€à¹€Îµ ğŸ¥ğŸŒ¸ BTSÂ²â°Â¹Â³ âŸ­âŸ¬â·";"Jiimiin_IsLove";"Jiminlandia ğŸŒ"
"Fri Nov 29 23:43:51 +0000 2019";"RT @Lucia_M3: EstarÃ­a necesitando un trabajito para el verano";1200561038841778176;NA;"âš½ï¸Guerraâš½ï¸";"SantiGu2003";""
"Fri Nov 29 23:43:22 +0000 2019";"estarÃ­a necesitando que alguien me saque de mi casa";1200560915877388288;NA;"el pela";"SantyDellaria";""
"Fri Nov 29 23:43:03 +0000 2019";"RT @MaraLabaque: EstarÃ­a necesitando 1kg de heladoğŸ˜";1200560835174817792;NA;"â—TintÃ­nâ—‹";"GastonDiSanto";"San Pedro, Argentina"
"Fri Nov 29 23:42:51 +0000 2019";"Culpa de grillo estarÃ­a necesitando algo fresco , tipo una sangrÃ­a , una birra , un vaso de Fernando o un tinticoğŸ¤”ğŸ™„ğŸ˜£";1200560784906051591;NA;"Nicol pereyra";"Nicolpereyra13";""
"Fri Nov 29 23:41:07 +0000 2019";"estarÃ­a necesitando unos mensajes por fa";1200560349063323648;NA;"LAURA";"lausantacruzz";""
"Fri Nov 29 23:40:07 +0000 2019";"ExistirÃ¡n carteras para hombre porque estarÃ­a necesitando una pa llevar todas mis cositas";1200560097023479808;NA;"â¤ï¸alegriaâ¤ï¸";"ale_noceda";"Capilla del SeÃ±or, Argentina"
"Fri Nov 29 23:39:58 +0000 2019";"RT @Felipecoronaaa: Estaria necesitando un abrazo";1200560059861917696;NA;"Yamila Piccolomini ğŸŒº";"piccolominiyami";"La Pampa, Argentina"
"Fri Nov 29 23:37:52 +0000 2019";"RT @JimenaBohl: Ufaa estarÃ­a necesitando un buen abrazo";1200559530930851847;NA;"EnzoğŸ§‰";"earagon02";"GualeguaychÃº, Argentina"
"Fri Nov 29 23:37:25 +0000 2019";"RT @Agu_Salomon: EstarÃ­a necesitando 1kg de helado de cerecettğŸ¤¤ğŸ¤¤";1200559420238946304;NA;"ğ–±ğ—ˆğ–¼ğ—‚ğ—ˆğŸ¦¦";"Rocioabrito";"Sgo. del Estero, Argentina "
"Fri Nov 29 23:37:02 +0000 2019";"RT @NahuelDavidB: Creo que estoy necesitando agarrar el mate, estar en el medio de la nada y despejar mucho la cabeza, Paz, solo paz.";1200559323598000128;NA;"Cande Ferreyra";"Cande_F17";""
"Fri Nov 29 23:36:38 +0000 2019";"EstarÃ­a necesitando alguien que se cope para ir a Lunar hoy, estoy mas tirado que la mierda";1200559220430704640;NA;"Nahuy";"Naahuuy";"ZÃ¡rate, Argentina"
"Fri Nov 29 23:36:24 +0000 2019";"RT @flogarribiaok: EstarÃ­a necesitando un fotÃ³grafo asÃ­ de profesional Jesy *guiÃ±o guiÃ±o* https://t.co/EG0oSPy2Xf";1200559164298276866;NA;"Pedro Jorge Brizuela";"peterbrizuela91";"Buenos Aires, Argentina"
"Fri Nov 29 23:35:45 +0000 2019";"EstarÃ­a necesitando un abrazo";1200558998996627457;NA;"Alejandro Perez";"Alepereztt";""
"Fri Nov 29 23:35:19 +0000 2019";"RT @PozziRocio1: lo que estarÃ­a necesitando https://t.co/smoGY2A9VO";1200558892473864193;NA;"Elias âš¡";"EliasAbram1";"San Luis, Argentina"
"Fri Nov 29 23:34:03 +0000 2019";"EstarÃ­a necesitando un poco de mimos";1200558573253734401;NA;"MatiCarneglia12";"carneglia12";""
"Fri Nov 29 23:33:52 +0000 2019";"EstarÃ­a necesitando a alguien que cayera a mi ksa para ver Netflix , charlar, boludear, o no hacer nada en toda laâ€¦ https://t.co/c79vA3w5j1";1200558525270908928;NA;"ğ‘®ğ’–ğ’‚ğ’…ğ’† ğŸ«";"guadagarciac_";"Mendoza, Argentina"
"Fri Nov 29 23:33:22 +0000 2019";"@Romii_Lira Jajajajaja lo estarÃ­a necesitando despuÃ©s de esa respuesta ğŸ˜‚ğŸ˜‚ğŸ˜‚ es que va a saber que no soy comunista solo en la pega ğŸ™„ğŸ™„ğŸ™„ğŸ‘€ğŸ‘€";1200558400381358082;1200556119166537700;"Shuubi #ChileDespertÃ³ ğŸ‡¨ğŸ‡±";"unacabracomun";"Chile Lindo como un sol â™«"
"Fri Nov 29 23:32:27 +0000 2019";"EstarÃ­a necesitando mi guitarra para sobrellevar este finde.";1200558170617372674;NA;"Ventoâœ¨";"na_vento";"Buenos Aires, Argentina"
"Fri Nov 29 23:32:27 +0000 2019";"RT @Daant1038: EstarÃ­a necesitando un msj tipo \"\"Che, estoy yendo y llevo birra, asÃ­ relajÃ¡s\"\". https://t.co/WSqRpAIEhW";1200558168977346560;NA;"Camila Blasco";"CamiiBlasco";""
"Fri Nov 29 23:32:21 +0000 2019";"Estaria necesitando una birra";1200558143459221504;NA;"Lucas ibrahim";"Lucaasibrahim";""
"Fri Nov 29 23:30:25 +0000 2019";"Se termino la semana se va noviembre y se va el aÃ±o ... no no estoy haciendo balances los odio pero esta semana fueâ€¦ https://t.co/kLC1JylLwG";1200557658488659969;NA;"Maru Riveira ğŸ’œğŸ’š";"maruriver";"goya corrientes"
"Fri Nov 29 23:29:55 +0000 2019";"EstarÃ­a necesitando un cortesito";1200557533804552194;NA;"AgustÃ­nğŸ’¥";"AguusAguustiin";"NeuquÃ©n, Argentina"
"Fri Nov 29 23:29:47 +0000 2019";"RT @Perejiil96YT: Poooorfin!! ESTOY EN DIAMANTE!! jugando con randoms no estÃ¡ nada mal! Ahora creo que voy a ir necesitando un team para alâ€¦";1200557499272876034;NA;"gabriel C.A.R.P â™¥â™¥â™¥â™¥";"gabycondor2214";"juan maria gutierrez"
"Fri Nov 29 23:29:24 +0000 2019";"Poooorfin!! ESTOY EN DIAMANTE!! jugando con randoms no estÃ¡ nada mal! Ahora creo que voy a ir necesitando un team pâ€¦ https://t.co/csibrzQYZm";1200557401411399680;NA;"Perejiil96";"Perejiil96YT";""
"Fri Nov 29 23:29:23 +0000 2019";"EstarÃ­a Necesitando Un Abrazo, Una Charla Con Alguien Yy Una Birra";1200557395778441219;NA;"ğŸ’†âš¡";"MelaErrandorena";"CÃ³rdoba, Argentina"
"Fri Nov 29 23:29:19 +0000 2019";"RT @Valecollado1: Estaria necesitando tomar sol";1200557381282861057;NA;"Vicky";"Vickygarciaar";"Santiago del Estero, Argentina"
"Fri Nov 29 23:27:17 +0000 2019";"CÃ³mo estoy necesitando un abrazo tuyo";1200556869544267777;NA;"Faquito";"FacuGodoy04";"GuaymallÃ©n, Argentina"
"Fri Nov 29 23:26:22 +0000 2019";"RT @Axel_Cabrera99: EstarÃ­a necesitando que me vuelva la electricidad por que ya no tengo una mierda de baterÃ­a";1200556640078041088;NA;"ğ–†ğ–Œğ–šğ–˜ğ–™ğ–ğ–“ğ–†ğŸ”ª";"ayalagustina";""
"Fri Nov 29 23:25:07 +0000 2019";"RT @JaraaValen: EstarÃ­a necesitando muchos los brackets";1200556323852750848;NA;"Micaela ğŸ¦‹";"Micaela85413100";"San Rafael, Argentina"
"Fri Nov 29 23:24:55 +0000 2019";"RT @Solbrizuela11: EstarÃ­a necesitando tener la cabeza en el pecho de alguien que me toquen el pelo y dormir mil aÃ±os...";1200556272086638593;NA;"karem";"Karemoriyes5";"Rio Cuarto - Cordoba."
"Fri Nov 29 23:24:20 +0000 2019";"RT @kevinguerrero00: EstarÃ­a necesitando los besos y abrazos de mi noviağŸ˜•";1200556125948698626;NA;"ğ‘ªğ’‚ğ’“ğ’ğ’ğ’Šğ’ğ’‚";"CarolinaFunees";"Arizona City, AZ"
"Fri Nov 29 23:24:17 +0000 2019";"RT @delosriosbelen: EstarÃ­a necesitando entender la necesidad que siente la gente de ser un estandarte de la moral en pÃºblico, escrachandoâ€¦";1200556114200453122;NA;"J2T";"julietetea";"Asuncion, Paraguay"
"Fri Nov 29 23:23:35 +0000 2019";"Estaria necesitando a alguien con banda de confianza, que no me tenga como un estorbo";1200555938329104384;NA;"Fefersi";"fersimonzon";"San Fernando, Argentina"
"Fri Nov 29 23:21:49 +0000 2019";"RT @Daant1038: EstarÃ­a necesitando un msj tipo \"\"Che, estoy yendo y llevo birra, asÃ­ relajÃ¡s\"\". https://t.co/WSqRpAIEhW";1200555493581869063;NA;"â€¢ğ‘´ğ’‚ğ’“ğ’Šğ’‚ğ’ğ’†ğ’ğ’‚â€¢";"malemarengo";"CÃ³rdoba, Argentina"
"Fri Nov 29 23:21:31 +0000 2019";"EstarÃ­a necesitando MUCHOS litros de birra para sacar este bajÃ³n";1200555416960339968;NA;"Analuz Carrizo";"Analuzzcarrizo";"Rivadavia, Argentina"
"Fri Nov 29 23:21:16 +0000 2019";"RT @ValenCortizas: EstarÃ­a necesitando un viajecito para salir de acÃ¡ por un tiempo";1200555355564052482;NA;"Camtraba ğŸŒº";"Camtraba";"Buenos Aires, Argentina"
"Fri Nov 29 23:20:44 +0000 2019";"RT @SoleSantillan14: Un buen asado con unos vinos estarÃ­a necesitando.";1200555221136683008;NA;"GianelitağŸ§¡";"GianePlatner1";"Santa Fe, Argentina"
"Fri Nov 29 23:19:56 +0000 2019";"RT @aleftespos: estarÃ­a necesitando estas fotos en hd miren quÃ© bells por favor https://t.co/i1BDNfJ8hz";1200555019063451648;NA;"camilanesa ğŸ’š";"lalimipasion";"Mi sueÃ±o?Conocerla y Abrazarla"
"Fri Nov 29 23:18:28 +0000 2019";"RT @Valecollado1: Estaria necesitando tomar sol";1200554650509938690;NA;"å®‰å¨œÂ·ç»´å¤šåˆ©äºš";"anavbravoo";"Santiago del Estero, Argentina"
"Fri Nov 29 23:17:26 +0000 2019";"RT @Solbrizuela11: EstarÃ­a necesitando tener la cabeza en el pecho de alguien que me toquen el pelo y dormir mil aÃ±os...";1200554389011927040;NA;"marÃ­a :/";"maria_li3ndo";"rio cuarto"
"Fri Nov 29 23:17:19 +0000 2019";"EstarÃ­a necesitando un vecino segundero";1200554359081316357;NA;"LÎ±ÑÎ±";"Laragerez1";""
"Fri Nov 29 23:17:14 +0000 2019";"RT @Valecollado1: Estaria necesitando tomar sol";1200554337803677703;NA;"ğ’±ğ’¾ğ’¸ğ“‰â„´ğ“‡ğ’¾ğ’¶Â ğ“ğ“Šğ“ƒğ’¶";"lunaavico";""
"Fri Nov 29 23:17:03 +0000 2019";"RT @oscar_vire: Hola, @Haciendapy y @BNF_PYOFICIAL estarÃ­a necesitando que me completen la otra mitad de mi sueldo, con lo que depositaronâ€¦";1200554294057017344;NA;"MartÃ­n SÃ¡nchez";"Martinx_";"Medicina UNA"
"Fri Nov 29 23:17:00 +0000 2019";"RT @BassPau: Madre mÃ­a que la Jesusa sigue con Can , estarÃ­a necesitando el 24h del gh en esa habitaciÃ³n #VolverteAVerCanYaman";1200554281507663878;NA;"ğŸ‡ªğŸ‡¸Hep Demet Ã–zdemirğŸ‡ªğŸ‡¸";"HDemetozdemir";""
"Fri Nov 29 23:16:56 +0000 2019";"Estoy necesitando que se me empiezen a dar las cosas realmente";1200554266420797440;NA;"alejito";"allopart16";"Rosario, Argentina"
"Fri Nov 29 23:16:35 +0000 2019";"EstarÃ­a necesitando ir a la cancha, pero el maldito esclavo no puede";1200554176566243332;NA;"Chasky";"IvanGom05174445";"Lomas de Zamora, Argentina"
"Fri Nov 29 23:16:25 +0000 2019";"RT @BassPau: Madre mÃ­a que la Jesusa sigue con Can , estarÃ­a necesitando el 24h del gh en esa habitaciÃ³n #VolverteAVerCanYaman";1200554136149868544;NA;"ELVI CANDEM IN LOVE ğŸ¦„â¤ï¸ğŸ“ğŸ«ğŸ”¥ğŸ‡ªğŸ‡¸";"GPERS7";"EspaÃ±a"
"Fri Nov 29 23:16:12 +0000 2019";"RT @BassPau: Madre mÃ­a que la Jesusa sigue con Can , estarÃ­a necesitando el 24h del gh en esa habitaciÃ³n #VolverteAVerCanYaman";1200554078574649347;NA;"Karol ğŸ¤“ GentlemanğŸ’";"csorian77";"Toledo"
"Fri Nov 29 23:15:58 +0000 2019";"Estoy necesitando muchos mimos";1200554020886261762;NA;"BelÃ©n";"BelenFaccio";"PaysandÃº- Uruguay"
"Fri Nov 29 23:15:31 +0000 2019";"Gente nueva en mi vida estarÃ­a necesitando.";1200553906339799041;NA;"Rocio Vega";"Roo_vega15";""
"Fri Nov 29 23:13:52 +0000 2019";"RT @Martinapereira0: EstarÃ­a necesitando un par d mimos";1200553492919795712;NA;"Lucho bertrand";"LuchoBertrand";""
"Fri Nov 29 23:13:06 +0000 2019";"RT @BassPau: Madre mÃ­a que la Jesusa sigue con Can , estarÃ­a necesitando el 24h del gh en esa habitaciÃ³n #VolverteAVerCanYaman";1200553298887151622;NA;"Mamen 1971";"1971Mamen";"Sevilla, EspaÃ±a"
"Fri Nov 29 23:12:18 +0000 2019";"RT @AgusPR1998: EstarÃ­a necesitando mucho escabioooooooğŸ‘½ğŸ˜œ";1200553097812205569;NA;"m.dr";"qqmirasm";""
"Fri Nov 29 23:12:04 +0000 2019";"RT @MercadoFranco: EstarÃ­a necesitando otra escapada a las sierras";1200553040710979584;NA;"ğ™¼ğšŠğš›ğš’ğšŠğš—ğšğš•ğš•ğšŠ ğŸ€";"mari_prietoo";"CÃ³rdoba, Argentina"
"Fri Nov 29 23:11:43 +0000 2019";"Estaria necesitando un dos para tomar una cervecita";1200552951963627521;NA;"Maria Jose Turrion";"m44jo";"Uruguay"
"Fri Nov 29 23:11:39 +0000 2019";"EstarÃ­a necesitando un par d mimos";1200552933278068737;NA;"eugeee";"Martinapereira0";"PaysandÃº, Uruguay"
"Fri Nov 29 23:11:37 +0000 2019";"EstarÃ­a necesitando las vacaciones";1200552926718103559;NA;"julian zarzoso";"zarzosojulian";"Bahia blanca"
"Fri Nov 29 23:11:10 +0000 2019";"EstarÃ­a necesitando un abrazo, quien me lo da?";1200552813861863424;NA;"piba_toxica19";"Aguss042";""
"Fri Nov 29 23:11:09 +0000 2019";"RT @BassPau: Madre mÃ­a que la Jesusa sigue con Can , estarÃ­a necesitando el 24h del gh en esa habitaciÃ³n #VolverteAVerCanYaman";1200552809680252928;NA;"InÃ©s";"inis10g";"Madrid, Comunidad de Madrid"
"Fri Nov 29 23:10:56 +0000 2019";"EstarÃ­a necesitando una mÃ¡quina para teletransportarme.. si alguien conoce de una que me hable x privado";1200552753124270080;NA;"Santi";"_santi96";"Central Perk 24/7"
"Fri Nov 29 23:10:20 +0000 2019";"RT @suicidalgirlD: EstarÃ­a necesitando mucho amor";1200552603895111680;NA;"Flor.";"florxfa";"Quilmes"
"Fri Nov 29 23:10:15 +0000 2019";"Madre mÃ­a que la Jesusa sigue con Can , estarÃ­a necesitando el 24h del gh en esa habitaciÃ³n #VolverteAVerCanYaman";1200552582588116992;NA;"Pau. ğŸ† ğŸ ";"BassPau";"donde naciÃ³ el ceputismo."
"Fri Nov 29 23:10:00 +0000 2019";"@alex_mikke estarÃ­a necesitando lo mismo en cuanto nos veamos";1200552521485426688;1200506770508144600;"nohaychinas_";"nohaychinas_";""
"Fri Nov 29 23:08:35 +0000 2019";"@MarScapola Hace unos aÃ±os que me cuesta conectarme con los libros, pero siento que ya va siendo el momento de volvâ€¦ https://t.co/Gsg5Pz6WVj";1200552162780155904;1200551107195523000;"Jo March ğŸµğŸ„";"LaureenRomeo";""
"Fri Nov 29 23:08:19 +0000 2019";"SeÃ±ores, la putivuelta es adictiva, ayer nomas hice una y ya estoy necesitando otra putiseÃ±al, a fooondo estoy";1200552094287237121;NA;"Enzo";"ortega_enzopy";"Paraguay"
"Fri Nov 29 23:07:48 +0000 2019";"RT @Lucia_M3: EstarÃ­a necesitando un trabajito para el verano";1200551964590915584;NA;"naati";"roomeronatii_";"Santa Fe, Argentina"
"Fri Nov 29 23:06:51 +0000 2019";"EstarÃ­a necesitando uno de tus abrazo bien fuertes, acompaÃ±ado de un consejo, de tus palabras que me vuelan el bocho! Quiero tenerte conmigo";1200551726216105984;NA;"Lady Gaga te amo";"Totoria83";""
"Fri Nov 29 23:06:45 +0000 2019";"RT @Lucia_M3: EstarÃ­a necesitando un trabajito para el verano";1200551699959685122;NA;"AlanisğŸ’š";"AluuTwittea";"Santa Fe, Argentina"
"Fri Nov 29 23:06:24 +0000 2019";"Yo lo que estarÃ­a necesitando es un tererÃ© fijo para este veranoğŸ˜”ğŸ˜©";1200551612508508161;NA;"carmenlu";"carmenl51524555";""
"Fri Nov 29 23:05:54 +0000 2019";"estaria necesitando un dos pa todo pq la verdad q una verga aburrirme todo el dia";1200551486054379520;NA;"vale";"ValenMezquida";""
"Fri Nov 29 23:05:52 +0000 2019";"RT @oscar_vire: Hola, @Haciendapy y @BNF_PYOFICIAL estarÃ­a necesitando que me completen la otra mitad de mi sueldo, con lo que depositaronâ€¦";1200551477758111745;NA;"mirotto";"Mirna36";"Another galaxy"
"Fri Nov 29 23:05:46 +0000 2019";"EstarÃ­a necesitando 2da que le cope hasta el plan mÃ¡s boludo que se me ocurra ğŸ¤ğŸ¼";1200551456102928385;NA;"Agustina";"Agustina_DiazC";""
"Fri Nov 29 23:03:29 +0000 2019";"EstarÃ­a necesitando amigos que vivan mÃ¡s cerca ya que no estoy mÃ¡s en bena";1200550879365095425;NA;"Enzo Molina";"Enzomolina2999";"Benavidez"
"Fri Nov 29 23:03:23 +0000 2019";"RT @Noelborrazas: EstarÃ­a necesitando una Coca bien frÃ­a de litro de vidrio ğŸ¤¤";1200550854543233026;NA;"Mika";"_Mika_R";"Colonia, Uruguay"
"Fri Nov 29 23:03:10 +0000 2019";"RT @uy_maikel: EstarÃ­a necesitando a alguien que se active conmigo para ir a toques siempre";1200550801938243585;NA;"Respirandorock";"Respirandorock1";""
"Fri Nov 29 23:02:07 +0000 2019";"RT @uy_maikel: EstarÃ­a necesitando a alguien que se active conmigo para ir a toques siempre";1200550533859303424;NA;"Francoo";"Francoo_fcs";""
"Fri Nov 29 23:00:50 +0000 2019";"RT @flogarribiaok: EstarÃ­a necesitando un fotÃ³grafo asÃ­ de profesional Jesy *guiÃ±o guiÃ±o* https://t.co/EG0oSPy2Xf";1200550214702161920;NA;"Cjuanrangel88@gmail.com";"cjuanrangel88";"United States"
"Fri Nov 29 22:58:49 +0000 2019";"EstarÃ­a necesitando un fotÃ³grafo asÃ­ de profesional Jesy *guiÃ±o guiÃ±o* https://t.co/EG0oSPy2Xf";1200549703642992640;NA;"Florencia en cuarentena 120KğŸ‘";"flogarribiaok";""
"Fri Nov 29 22:58:03 +0000 2019";"EstarÃ­a necesitando helado!!!";1200549512156262402;NA;"AntuğŸŒ¸ğŸ˜";"AntitoPerero";"venado tuerto"
"Fri Nov 29 22:55:48 +0000 2019";"@Junior_CNdeF @meli_diaz13 Ahora si me gustÃ³, estoy necesitando unos 12 litros";1200548947741282304;1200548309242450000;"Romina";"Rominadiazt7";"Artigas, Uruguay"
"Fri Nov 29 22:55:08 +0000 2019";"EstarÃ­a necesitando a alguien que se active conmigo para ir a toques siempre";1200548777792299008;NA;"Maikel.uy";"uy_maikel";""
"Fri Nov 29 22:54:54 +0000 2019";"RT @joseeetoleeedo: EstarÃ­a re necesitando verlo e ğŸ¤¤ğŸ¤¤";1200548720137383937;NA;"MartiğŸºğŸ’™";"Mcappadona19";"Mendoza, Argentina"
"Fri Nov 29 22:52:42 +0000 2019";"RT @victorjack_: Estaria necesitando gente que le guste la champions liga..";1200548166875205632;NA;"Agus";"agust1na15";""
"Fri Nov 29 22:52:30 +0000 2019";"RT @aleftespos: estarÃ­a necesitando estas fotos en hd miren quÃ© bells por favor https://t.co/i1BDNfJ8hz";1200548116270899206;NA;"Fiorella";"fiore_molinari";"Buenos Aires, Argentina"
"Fri Nov 29 22:52:14 +0000 2019";"EstarÃ­a necesitando que se largue a llover rait nau.  Por toda la noche";1200548047165558784;NA;"Etel.";"Meruiri12";""
"Fri Nov 29 22:51:55 +0000 2019";"RT @Oriana_lopezOK: EstarÃ­a necesitando amigas para tomar tere y para estar en la pile ğŸ¥º";1200547968761389056;NA;"ConstanzağŸ‹";"_MishelleR";""
"Fri Nov 29 22:50:59 +0000 2019";"Estaria necesitando irme a pescar un finde";1200547731875475456;NA;"Alejo";"Managua99";"Carmen de Patagones, Argentina"
"Fri Nov 29 22:50:18 +0000 2019";"RT @juliiperalta5: EstarÃ­a necesitando amigoS que quieran juntarse a comer chipas ğŸ¥º";1200547560391368704;NA;"ğ“¶ğ“¶ğ“ªğ“°ğ“¾ğ“¬ğ“±ğŸ¤™ğŸ½";"maguuch";""
"Fri Nov 29 22:48:20 +0000 2019";"EstarÃ­a re necesitando verlo e ğŸ¤¤ğŸ¤¤";1200547066054955014;NA;"josefinaA";"joseeetoleeedo";""
"Fri Nov 29 22:46:30 +0000 2019";"RT @aleftespos: estarÃ­a necesitando estas fotos en hd miren quÃ© bells por favor https://t.co/i1BDNfJ8hz";1200546604924715008;NA;"prisğŸ™Œ";"espositochapame";"laliespos"
"Fri Nov 29 22:45:15 +0000 2019";"RT @aleftespos: estarÃ­a necesitando estas fotos en hd miren quÃ© bells por favor https://t.co/i1BDNfJ8hz";1200546291861852161;NA;"L.E.A.O";"LaliBeforeMe";"Argentina, Buenos Aires"
"Fri Nov 29 22:44:52 +0000 2019";"RT @niicogomez28: EstarÃ­a necesitando un abrazo bien fuerte y que me diga todo esta bien";1200546192964378627;NA;"Sol Tejada";"SollTejada";""
"Fri Nov 29 22:43:22 +0000 2019";"EstarÃ­a necesitando una barrita bien helada o un santa Julia nose";1200545816403943425;NA;"julieta";"julietaper17";"DespeÃ±aderos CÃ³rdoba,Argentina"
"Fri Nov 29 22:42:38 +0000 2019";"RT @JaraaValen: EstarÃ­a necesitando muchos los brackets";1200545631154163714;NA;"Agus ğŸ…¿";"AgusPravat";"San Rafael, Argentina"
"Fri Nov 29 22:42:21 +0000 2019";"EstarÃ­a necesitando que algo me ponga de buen humor, pero no, no pego una en todo el dÃ­a y todo me sale mal";1200545561600053254;NA;"Marâ™¥ï¸";"martuchiape";"Buenos Aires, Argentina"
"Fri Nov 29 22:42:19 +0000 2019";"Necesitando que se me vaya el estres que estoy manejando";1200545554704601088;NA;"Isa";"isabeelperez";""
"Fri Nov 29 22:42:16 +0000 2019";"RT @NahuelDavidB: Creo que estoy necesitando agarrar el mate, estar en el medio de la nada y despejar mucho la cabeza, Paz, solo paz.";1200545539537952774;NA;"pipi";"Sofbarrionuevo1";"Oncativo, CÃ³rdoba"
"Fri Nov 29 22:41:59 +0000 2019";"EstarÃ­a necesitando unos mimos de remedio :((";1200545470046715904;NA;"â€¢NARANJA PERSAâ€¢";"ariassssv";"RÃ­o Negro, Argentina"
"Fri Nov 29 22:41:58 +0000 2019";"RT @ayesaamarcee: Estaria necesitando esto, para desestresarme https://t.co/nPatZ6EZnG";1200545466485760002;NA;"B E L â™¡";"BelenPerunetti";"Formosa, Argentina"
"Fri Nov 29 22:40:00 +0000 2019";"EstarÃ­a necesitando mucho escabioooooooğŸ‘½ğŸ˜œ";1200544968739377152;NA;"ğŸŒ¸Agus LÃ³pezğŸŒ¸";"AgusPR1998";"Uruguay"
"Fri Nov 29 22:39:47 +0000 2019";"Tuve la reuniÃ³n con el director de la maestria... mi vida. SeÃ±or si tan solo supiera de donde fabricar 700 mil pesoâ€¦ https://t.co/WnkjSb6Tao";1200544915052277768;NA;"Mariana â™”";"nonaciparaplebe";"Argentina"
"Fri Nov 29 22:38:38 +0000 2019";"EstarÃ­a necesitando un abrazo bien fuerte y que me diga todo esta bien";1200544626601594887;NA;"Nico gomez";"niicogomez28";""
"Fri Nov 29 22:38:14 +0000 2019";"Como estaria necesitando un pedal chorus para la guitarra lpm";1200544523354615810;NA;"ğ•´ğ–›ğ–†ğ–“ ğ•¬ğ–—ğ–—ğ–ğ–Šğ–™ğ–†";"IvanchuArrieta";"CÃ³rdoba, Argentina"
"Fri Nov 29 22:37:45 +0000 2019";"RT @Axel_Cabrera99: EstarÃ­a necesitando que me vuelva la electricidad por que ya no tengo una mierda de baterÃ­a";1200544402827075585;NA;"#Bellako2 âœ";"FrancoSegovia5";""
"Fri Nov 29 22:37:11 +0000 2019";"EstarÃ­a necesitando que me regalen uno https://t.co/5ktikAqUFt";1200544260707299328;NA;"Lord Voldemort";"PenaBolso";"Montevideo, Uruguay"
"Fri Nov 29 22:37:01 +0000 2019";"No se ustedes pero estarÃ­a necesitando un poquito d amor AHRE";1200544220278329344;NA;"Mai";"cut3sadie";"uÊop ÇpÄ±sdn ~ ||-//"
"Fri Nov 29 22:35:31 +0000 2019";"Mates y alguien que me escuchÃ© estarÃ­a necesitando...";1200543842115760128;NA;"Julieta ğŸ’•";"JuliiAcevedo3";""
"Fri Nov 29 22:35:17 +0000 2019";"RT @juliiperalta5: EstarÃ­a necesitando amigoS que quieran juntarse a comer chipas ğŸ¥º";1200543782749507584;NA;"ğ‘€ğ‘–ğ‘™ğ‘–ğŸŒ©";"milicurrao";""
"Fri Nov 29 22:35:09 +0000 2019";"RT @MelaVillalba4: EstarÃ­a necesitando vacaciones en las sierras ğŸ¤¤";1200543750465949696;NA;"É¢á´œá´€á´…á´€ÊŸá´œá´˜á´‡ğŸŒ¹";"guada_maldonad";""
"Fri Nov 29 22:34:20 +0000 2019";"RT @MelaVillalba4: EstarÃ­a necesitando vacaciones en las sierras ğŸ¤¤";1200543544852791299;NA;"ğŸŒ¸Kiara TulianğŸŒ¸";"KiaraTulian3";"CÃ³rdoba, Argentina"
"Fri Nov 29 22:33:38 +0000 2019";"RT @Agu_Salomon: EstarÃ­a necesitando 1kg de helado de cerecettğŸ¤¤ğŸ¤¤";1200543366720700417;NA;"SÎ©Ò’IÎ”ğŸŒ¹";"sofiimilanesii";"Argentina"
"Fri Nov 29 22:32:44 +0000 2019";"RT @Valecollado1: Estaria necesitando tomar sol";1200543141998333952;NA;"Ana Victoria";"anitaavila22";""
"Fri Nov 29 22:32:28 +0000 2019";"EstarÃ­a necesitando que me vuelva la electricidad por que ya no tengo una mierda de baterÃ­a";1200543071911501827;NA;"Axel.";"Axel_Cabrera99";"Almirante Brown - Buenos Aires"
"Fri Nov 29 22:31:45 +0000 2019";"RT @aleftespos: estarÃ­a necesitando estas fotos en hd miren quÃ© bells por favor https://t.co/i1BDNfJ8hz";1200542891573235717;NA;"Lali Es Mi Sonrisa ğŸ‡®ğŸ‡¹ ğŸ‡¦ğŸ‡·";"MiVidaLaliTeens";"Italia"
"Fri Nov 29 22:31:25 +0000 2019";"RT @coronel_daiana: ESTARIA NECESITANDO ESTAS FOTOS EN HD, POR FAVOR QUE HERMOSAğŸ˜ https://t.co/fIfbvtF052";1200542809838833665;NA;"Lali Es Mi Sonrisa ğŸ‡®ğŸ‡¹ ğŸ‡¦ğŸ‡·";"MiVidaLaliTeens";"Italia"
"Fri Nov 29 22:30:11 +0000 2019";"RT @delosriosbelen: EstarÃ­a necesitando entender la necesidad que siente la gente de ser un estandarte de la moral en pÃºblico, escrachandoâ€¦";1200542501272215554;NA;"Lorena Benitez";"mtita26";"sajonia / asunciÃ³n - paraguay"
"Fri Nov 29 22:28:45 +0000 2019";"RT @coronel_daiana: ESTARIA NECESITANDO ESTAS FOTOS EN HD, POR FAVOR QUE HERMOSAğŸ˜ https://t.co/fIfbvtF052";1200542137718366209;NA;"âœ¨ğŒğšğ«ğ²âœ¨";"maryfangirl3";"Sotto al palco"
"Fri Nov 29 22:28:05 +0000 2019";"RT @NegraTomasa_: Estoy necesitando el reguetoncito de 'Y LA CULPA NO ERA MÃA, NI DÃ“NDE ESTABA NI CÃ“MO VESTÃA...'";1200541969195446273;NA;"Dani ğŸ¦•";"Dulcedemora13";""
"Fri Nov 29 22:27:49 +0000 2019";"Estaria necesitando gente que le guste la champions liga..";1200541903940390912;NA;"Vic.âš½";"victorjack_";"Villa Devoto"
"Fri Nov 29 22:25:43 +0000 2019";"A esta altura del aÃ±o estarÃ­a necesitando ser un caracol https://t.co/JmnELt3GS9";1200541377349799941;NA;"AÉªÊŸÉªÌÉ´";"AilinLuduena";"CÃ³rdoba, Argentina"
"Fri Nov 29 22:25:32 +0000 2019";"EstarÃ­a necesitando un msj tipo \"\"Che, estoy yendo y llevo birra, asÃ­ relajÃ¡s\"\". https://t.co/WSqRpAIEhW";1200541328456765441;NA;"Dante Carle";"Daant1038";"Villa del Rosario. Cba"
"Fri Nov 29 22:25:32 +0000 2019";"EstarÃ­a necesitando un pedidos ya pero del chino";1200541327940890629;NA;"AquaZ";"NicoJofreOK";"San miguel"
"Fri Nov 29 22:25:04 +0000 2019";"RT @sebbazuccala: EstarÃ­a necesitando un aÃ±o nuevo asÃ­ https://t.co/myXij6M9ce";1200541212580687872;NA;"Ğ²Ñ”â„“Ï…ğŸŒºğŸŒ¹";"belu_dugo";"Mar del Plata, Argentina"
"Fri Nov 29 22:24:59 +0000 2019";"Hablar de todo por quÃ© posta lo estarÃ­a necesitando";1200541191785340929;NA;"TitooÂ°â„¢Â°";"titoo_jofre";"Santa Rosa, Argentina"
"Fri Nov 29 22:24:48 +0000 2019";"EstarÃ­a necesitando salir al balcÃ³n y tener esta vista todos los dÃ­as. AsÃ­, mucho verde! ğŸƒğŸŒ³ğŸƒ https://t.co/tunH9IPNrh";1200541145652236288;NA;"Mariela Perotti";"mariela_perotti";"Corrientes, Argentina"
"Fri Nov 29 22:24:19 +0000 2019";"EstarÃ­a necesitando tomar mates por ahÃ­ esta noche y hablar";1200541021710540803;NA;"TitooÂ°â„¢Â°";"titoo_jofre";"Santa Rosa, Argentina"
"Fri Nov 29 22:22:50 +0000 2019";"RT @Amparo44840192: Estaria necesitando poder sacarte de mi cabeza,solo por un momento, necesito paz";1200540649059233793;NA;"Nicole";"Muller335";"Entre RÃ­os, Argentina"
"Fri Nov 29 22:20:50 +0000 2019";"RT @Solivefre_: Estaria necesitando la noche de mi colacion para mucha rumba con gente querida ğŸ’ƒğŸ¥‚";1200540148011810817;NA;"A R A M I";"_aramicaballero";""
"Fri Nov 29 22:20:03 +0000 2019";"RT @Oriana_lopezOK: EstarÃ­a necesitando amigas para tomar tere y para estar en la pile ğŸ¥º";1200539949566742528;NA;"M I C A E L AğŸ”¥";"Micaela_Rotchen";"Jardin AmÃ©rica, misiones."
"Fri Nov 29 22:19:56 +0000 2019";"RT @_valenholtkamp: realmente no m siento bien y estarÃ­a necesitando un pucho";1200539919560695813;NA;"ampo";"amposantos";"Mar del Plata, Argentina"
"Fri Nov 29 22:19:38 +0000 2019";"@lalioficial @marieclairearg me interesa eso de resetearse LO ESTARÃA NECESITANDO";1200539846302982146;1200441711970914300;"OSâ™ˆ";"0smaRios";"Santo TomÃ©, Argentina"
"Fri Nov 29 22:19:27 +0000 2019";"estarÃ­a necesitando que se acabe este aÃ±o mÃ¡s rÃ¡pido que inmediatamente";1200539797380571136;NA;"lale";"protectjobros";"ğŸ‡»ğŸ‡ª"
"Fri Nov 29 22:18:12 +0000 2019";"EstarÃ­a necesitando estar con mi novio ğŸ˜”";1200539485068500996;NA;"julieta ğŸ‘‘";"julietamazzali";"Caseros, Argentina"
"Fri Nov 29 22:17:34 +0000 2019";"EstarÃ­a necesitando a alguien que me acompaÃ±e con un mate mientras estudio!!! Mucho pedir?";1200539323155800064;NA;"Joaquin Gonzalez";"JoaquinG2912";""
"Fri Nov 29 22:17:18 +0000 2019";"@theSSaus Yo tambiÃ©n lo estarÃ­a necesitando";1200539258014048256;1200536075644678100;"Skyraâ·";"SkyraHeronstark";"PerÃº"
"Fri Nov 29 22:17:08 +0000 2019";"RT @oscar_vire: Hola, @Haciendapy y @BNF_PYOFICIAL estarÃ­a necesitando que me completen la otra mitad de mi sueldo, con lo que depositaronâ€¦";1200539215647453193;NA;"amy â¤";"Amaliamariae";""
"Fri Nov 29 22:16:36 +0000 2019";"Estaria necesitando 3 lukitasğŸ‘€";1200539079634542592;NA;"R&Lâ¤";"agosslemys";""
"Fri Nov 29 22:16:23 +0000 2019";"estarÃ­a necesitando las fechas de harry o de camila YA https://t.co/SiT8zwuk88";1200539024995373056;NA;"ğ”§ğ”¢ğ”°ğ”° ğ™†ğ™ğ™ƒ1";"vanteromance_";"col."
"Fri Nov 29 22:16:10 +0000 2019";"RT @aleftespos: estarÃ­a necesitando estas fotos en hd miren quÃ© bells por favor https://t.co/i1BDNfJ8hz";1200538970679103492;NA;"Leire âœ´";"culooespos";"Uruguay"
"Fri Nov 29 22:12:31 +0000 2019";"EstarÃ­a necesitando unos masajitos";1200538051488948225;NA;"tri";"tri11P";""
"Fri Nov 29 22:10:58 +0000 2019";"eso va a ser lo mÃ¡s lindo, por que vas y estÃ¡s solo y no ves autos , gente , ni ruido , nada , lo que estarÃ­a necesitando ahora";1200537662710517761;NA;"...";"jazugozalvez";"Bella vista , Buenos Aires"
"Fri Nov 29 22:10:39 +0000 2019";"@SantoroLeandro EstarÃ­a necesitando un saludito, para levantar el Ã¡nimo porque hoy los hdp que me precarizaron por 8 meses me despidieronğŸ˜¥";1200537585464029186;1200515917907710000;"Maru";"M_A_R_UU";""
"Fri Nov 29 22:09:58 +0000 2019";"EstarÃ­a necesitando segunderÃ—s para hacer la putivuelta â˜»â¤";1200537411710857216;NA;"Sool";"Sool24931715";""
"Fri Nov 29 22:09:16 +0000 2019";"En estos momentos estarÃ­a necesitando unos kilos de heladoo";1200537236950921216;NA;"â—râ‚¬trasadaâ—";"mikubaucher";"Rio Negro, Uruguay"
"Fri Nov 29 22:08:33 +0000 2019";"RT @Eveeliins2: EstarÃ­a necesitando ahogar mis penas comiendome una hamburguesağŸ˜ğŸ˜";1200537053441724416;NA;"TomiâœŒ";"ZerboTomy";"Cipolletti, Argentina"
"Fri Nov 29 22:05:43 +0000 2019";"EstarÃ­a necesitando un saludito de @gracepenafort porque hoy los hdp que me precarizaron durante 8 meses para que eâ€¦ https://t.co/AIRgo90C4z";1200536342226251776;NA;"Maru";"M_A_R_UU";""
"Fri Nov 29 22:03:42 +0000 2019";"RT @oscar_vire: Hola, @Haciendapy y @BNF_PYOFICIAL estarÃ­a necesitando que me completen la otra mitad de mi sueldo, con lo que depositaronâ€¦";1200535834904145921;NA;"RocÃ­o";"rossbel94";"ItauguÃ¡ - Paraguay"
"Fri Nov 29 22:03:32 +0000 2019";"RT @Oriana_lopezOK: EstarÃ­a necesitando amigas para tomar tere y para estar en la pile ğŸ¥º";1200535794416529409;NA;"LuanA ğŸŒ§";"luanabritez100";"Misiones, Argentina"
"Fri Nov 29 22:03:02 +0000 2019";"EstarÃ­a necesitando ahogar mis penas comiendome una hamburguesağŸ˜ğŸ˜";1200535665844346880;NA;"Evelinnnnnâ™¥";"Eveeliins2";"NeuquÃ©n, Argentina"
"Fri Nov 29 22:02:45 +0000 2019";"Hola, @Haciendapy y @BNF_PYOFICIAL estarÃ­a necesitando que me completen la otra mitad de mi sueldo, con lo que depoâ€¦ https://t.co/UDRxOUJ4Aq";1200535594016874496;NA;"Oscar Vire Luraschi";"oscar_vire";"San Lorenzo"
"Fri Nov 29 22:01:34 +0000 2019";"Ufff estarÃ­a necesitando esto ahora https://t.co/KZSKtBu9Cx";1200535296280080394;NA;"ğ•­ğ–†ğ–Šğ–Ÿğ–Ÿ â›“ğŸ•·";"mbaez2002";""
"Fri Nov 29 22:00:52 +0000 2019";"Cuando estaba pequeÃ±a siempre soÃ±aba con tener una gemela, ahora la estoy necesitando.#ayuda";1200535120777764864;NA;"PaulatinamenteğŸŒ»";"PAndyIsHere";"Caracas, Venezuela"
"Fri Nov 29 22:00:45 +0000 2019";"RT @Agus2Peralta: EstarÃ­a necesitando una 2 para ir al bellas";1200535092059357184;NA;"L a r a â˜„";"Laaradelfe";"San Clemente del TuyÃº, Argenti"
"Fri Nov 29 21:57:22 +0000 2019";"RT @HerdtMartinita: estoy necesitando tus teres,tus charlas y mucho de vos";1200534240993128448;NA;"P R I ğŸ’š";"Priiscii_gmc";"Entre RÃ­os, Argentina"
"Fri Nov 29 21:56:18 +0000 2019";"RT @NegraTomasa_: Estoy necesitando el reguetoncito de 'Y LA CULPA NO ERA MÃA, NI DÃ“NDE ESTABA NI CÃ“MO VESTÃA...'";1200533971488124929;NA;"Hallie";"kellywhatmonda";"Santa Marta, Colombia"
"Fri Nov 29 21:55:13 +0000 2019";"Estaria necesitando un abrazo";1200533701140078592;NA;"Corona";"Felipecoronaaa";"Santa Rosa, Argentina"
"Fri Nov 29 21:54:14 +0000 2019";"RT @NegraTomasa_: Estoy necesitando el reguetoncito de 'Y LA CULPA NO ERA MÃA, NI DÃ“NDE ESTABA NI CÃ“MO VESTÃA...'";1200533450803036161;NA;"Andrea B Jacome";"Andre_9311";"Colombia"
"Fri Nov 29 21:53:14 +0000 2019";"Estaria necesitando esto, para desestresarme https://t.co/nPatZ6EZnG";1200533198788280320;NA;"Marce Ayesa";"ayesaamarcee";""
"Fri Nov 29 21:52:23 +0000 2019";"Ni ganas de ir a trabajar, pero si no trabajo no tengo plata y estoy necesitando mucha ajajja";1200532985872879618;NA;"M e l i s ağŸŒˆ";"Melisurris";"Reconquista-Santa Fe"
"Fri Nov 29 21:52:20 +0000 2019";"RT @NegraTomasa_: Estoy necesitando el reguetoncito de 'Y LA CULPA NO ERA MÃA, NI DÃ“NDE ESTABA NI CÃ“MO VESTÃA...'";1200532975013842944;NA;"Diana Sofia Benavides";"DbenaL7";"Cali, Colombia"
"Fri Nov 29 21:49:52 +0000 2019";"Estaria necesitando ir a merendar, me falta con quiennnn";1200532352486776834;NA;"Sofi";"_Sofihs";""
"Fri Nov 29 21:49:29 +0000 2019";"Emmm, hola, estarÃ­a necesitando un poco de tu amor. Chau.";1200532256709894144;NA;"ğŸŒŒ";"RooCeball";""
"Fri Nov 29 21:49:12 +0000 2019";"RT @coronel_daiana: ESTARIA NECESITANDO ESTAS FOTOS EN HD, POR FAVOR QUE HERMOSAğŸ˜ https://t.co/fIfbvtF052";1200532184496562176;NA;"â¤Barbieâ¤";"AitanaxFtYatra";"Mendoza, Argentina"
"Fri Nov 29 21:49:11 +0000 2019";"RT @Noelborrazas: EstarÃ­a necesitando una Coca bien frÃ­a de litro de vidrio ğŸ¤¤";1200532182181302272;NA;"Cronopio";"Cro_Resilience0";"Colonia, Uruguay"
"Fri Nov 29 21:48:58 +0000 2019";"estarÃ­a necesitando una cÃ¡mara con un sensor mÃ¡s grande o una mirrorless uffff";1200532127097507841;NA;"Marco RodrÃ­guez";"m49full";""
"Fri Nov 29 21:48:49 +0000 2019";"EstarÃ­a necesitando otra escapada a las sierras";1200532090149888000;NA;"Franco";"MercadoFranco";"Cordoba"
"Fri Nov 29 21:48:40 +0000 2019";"Estaria necesitando una segunda para pelis y helado";1200532050564046848;NA;"CANUTO";"matiaskonig13";""
"Fri Nov 29 21:48:22 +0000 2019";"EstarÃ­a necesitando algo asÃ­ como un Black Friday de exÃ¡menes , das uno y pasas dos .";1200531974844235777;NA;"Melatonina";"MeliiOborsky";"Uruguay"
"Fri Nov 29 21:48:04 +0000 2019";"EstarÃ­a necesitando comer los Ã±oquis de mi viejaaa";1200531900370173959;NA;"M e l i s ağŸŒˆ";"Melisurris";"Reconquista-Santa Fe"
"Fri Nov 29 21:48:03 +0000 2019";"RT @yaemallada: EstarÃ­a necesitando ser millonaria";1200531897337745409;NA;"Luz PÃ©rez";"luzagperez";""
"Fri Nov 29 21:47:51 +0000 2019";"EstarÃ­a necesitando un buen vaso de fernet !";1200531846150393861;NA;"Nicoo Abalde";"NicoAbalde";"Puerto Santa Cruz"
"Fri Nov 29 21:47:29 +0000 2019";"RT @LuanaMagali16: Estoy buscando trabajo, ya sea cuidado de ancianos, o niÃ±os, (tengo experiencia) Lo estoy necesitando, si me ayudan a diâ€¦";1200531752424550400;NA;"JuanRosetti";"JuanRosetti_";"Rosario, Argentina"
"Fri Nov 29 21:46:40 +0000 2019";"RT @delfigavier: Algo que estarÃ­a necesitando en este momento https://t.co/UdTzK65PcI";1200531546840666112;NA;"ğ‘¨ğ’ğ’ğ’Šğ’•ğ’‚";"CejassAnna";""
"Fri Nov 29 21:46:10 +0000 2019";"Estaria necesitando q me regalen unas papas del refu ğŸ™";1200531420143374338;NA;"Julian CardosoğŸ‘‘";"JulianC10722305";"Rosario del TalÃ¡, Argentina"
"Fri Nov 29 21:46:04 +0000 2019";"RT @NegraTomasa_: Estoy necesitando el reguetoncito de 'Y LA CULPA NO ERA MÃA, NI DÃ“NDE ESTABA NI CÃ“MO VESTÃA...'";1200531398492393472;NA;"A bitch in quarantine";"saboraEXO";"floating with IT"
"Fri Nov 29 21:45:21 +0000 2019";"lo que estarÃ­a necesitando https://t.co/smoGY2A9VO";1200531216635715587;NA;"pochita âœ¨";"rocioopozzi";"San Luis, Argentina"
"Fri Nov 29 21:43:12 +0000 2019";"RT @delfigavier: Algo que estarÃ­a necesitando en este momento https://t.co/UdTzK65PcI";1200530676044435456;NA;"guillermina";"guillenovillo1";"CÃ³rdoba, Argentina"
"Fri Nov 29 21:43:04 +0000 2019";"EstarÃ­a necesitando arrancarme el Ãºtero para poder taclearlo por hacerme doler tanto la re concha de la lora";1200530640229273602;NA;"Moose";"_Winchester_99";"Argentina"
"Fri Nov 29 21:42:27 +0000 2019";"RT @jihoneez: EstarÃ­a necesitando noviar con las 9https://t.co/EWNeSfcyWW";1200530485602062336;NA;"ğŸ§·";"celestialwoo_";""
"Fri Nov 29 21:41:29 +0000 2019";"RT @NegraTomasa_: Estoy necesitando el reguetoncito de 'Y LA CULPA NO ERA MÃA, NI DÃ“NDE ESTABA NI CÃ“MO VESTÃA...'";1200530244484112385;NA;"Lizeth Vargas ğŸ’œğŸ’š";"LizethDV0";"Chile"
"Fri Nov 29 21:40:47 +0000 2019";"@Sintesis_13 EstarÃ­a necesitando volver a este quilombo #InvitaSÃ­ntesis @CHANOTB https://t.co/2SdE1SX6Yj";1200530066008137729;1200523216655200300;"tatiana";"lechugxrancixx";"comiendo fideos con gastÃ³n"
"Fri Nov 29 21:40:15 +0000 2019";"Estoy necesitando un vinito ASAP";1200529934478987264;NA;"M A R I A N A ğŸˆ";"mariana_guasp";""
"Fri Nov 29 21:39:30 +0000 2019";"RT @AgusRArtola: EstarÃ­a necesitando una funda nueva";1200529742946021377;NA;"Fechu";"Rodriguezfeel";""
"Fri Nov 29 21:38:14 +0000 2019";"@SantiagoRozoG Â¡A lo bien? Jajaja yo necesitando pero estoy en la casa incapacitado jajjaa jueputa!";1200529425814700034;1200529133907980300;"AndrÃ©SFğŸ˜ #OP10 #LMS20";"Andresco_31";"BogotÃ¡, D.C., Colombia"
"Fri Nov 29 21:37:52 +0000 2019";"@AmealJorgeAmor EstarÃ­a necesitando ayuda , debido a que ingresÃ³ el nÃºmero de socio y aparece otra persona ğŸ˜ https://t.co/89h4QErp3u";1200529334236307456;1200453518601183200;"Luiis ğŸ’†ğŸ½â€â™‚ï¸";"lsanta96";""
"Fri Nov 29 21:36:30 +0000 2019";"EstarÃ­a necesitando que mi hna venga a visitarme!No importa cuando leas esto";1200528989393162240;NA;"T a l Ã­ a";"TaliaBisbal_";"Las Varillas- CÃ³rdoba"
"Fri Nov 29 21:36:22 +0000 2019";"RT @MiiluuA: Lo estarÃ­a necesitando ya https://t.co/7k49jAMYt7";1200528954869846017;NA;"VALENTINA";"ValCucchiari";""
"Fri Nov 29 21:36:10 +0000 2019";"EstarÃ­a necesitando costa  urgentemente";1200528906652147712;NA;"Valeria ğŸ’«";"gallegoovale";""
"Fri Nov 29 21:35:46 +0000 2019";"EstarÃ­a necesitando una 2 para ir al bellas";1200528804848046081;NA;"â€¢ AgustÃ­n â€¢";"Agus2Peralta";""
"Fri Nov 29 21:35:41 +0000 2019";"RT @jihoneez: EstarÃ­a necesitando noviar con las 9https://t.co/EWNeSfcyWW";1200528783427567616;NA;"flan";"taechildsd";"ğ’ğ’‚ğ’ˆğ’Šğ’„ ğ’”ğ’‰ğ’ğ’‘"
"Fri Nov 29 21:35:26 +0000 2019";"EstarÃ­a necesitando un Mica SuÃ¡rez te aconseja 3 -o Algo parecido a preguntas de Twitter ğŸ‘ŒğŸ» Nose nose yo lo tiro.â€¦ https://t.co/WDo79UpB3E";1200528720790007809;NA;"EvePereyra ğŸ’«ğŸ¤“";"EvePereyra194";""
"Fri Nov 29 21:34:35 +0000 2019";"EstarÃ­a necesitando una funda nueva";1200528505299251200;NA;"Agus R.Artola";"AgusRArtola";""
"Fri Nov 29 21:31:51 +0000 2019";"Estaria necesitando un abrazo tuyo";1200527820113563653;NA;"Sabrina Iza";"Beln47236517";""
"Fri Nov 29 21:30:36 +0000 2019";"RT @MicaMarital: EstarÃ­a necesitando una pileta urgente";1200527506119544834;NA;"L U C A S S";"LucasMoron19";"Mendoza, Argentina"
"Fri Nov 29 21:27:41 +0000 2019";"Estaria necesitando unas buenas cks .. ğŸ˜€ğŸ˜…";1200526770593763328;NA;"Bazan Gustabo .. ğŸ‘½";"BazanGustabo";""
"Fri Nov 29 21:26:57 +0000 2019";"RT @Fabriinick: EstarÃ­a necesitando un grupo de gente que meta noche todos los findes para el verano";1200526584672858112;NA;"F L O R ğŸ¥€";"flopygarciaaa";"Canelones, Uruguay"
"Fri Nov 29 21:26:04 +0000 2019";"EstarÃ­a necesitando seguir cursando o algo para mantenerme activa";1200526362030878720;NA;"LucÃ­a";"Luxgcg";""
"Fri Nov 29 21:23:19 +0000 2019";"RT @BeethZelaya: Estaria necesitando mis vacaciones urgente";1200525669857464323;NA;"Julian";"JulianOlariaga";"CÃ³rdoba, Argentina"
"Fri Nov 29 21:22:59 +0000 2019";"RT @candeortiz97: EstarÃ­a necesitando comprarme ropa. MUCHA.";1200525589456793601;NA;"Jennifer DayanağŸ¼";"jenniallende";""
"Fri Nov 29 21:22:31 +0000 2019";"EstarÃ­a necesitando los besos y abrazos de mi noviağŸ˜•";1200525471236182017;NA;"Kevin ğŸ•¶";"kevinguerrero00";"anchorena, san luis"
"Fri Nov 29 21:22:29 +0000 2019";"RT @aleftespos: estarÃ­a necesitando estas fotos en hd miren quÃ© bells por favor https://t.co/i1BDNfJ8hz";1200525460385468416;NA;"mica";"istaywithlalii";"greys"
"Fri Nov 29 21:20:59 +0000 2019";"Hola estoy necesitando las historias de caro  de antes de ayer si alguien las tiene ojala pueda pasarmelas, es la qâ€¦ https://t.co/maolZpZsAy";1200525082520670208;NA;"Carolina Kopelioff Updates [Lore ğŸ‡¨ğŸ‡´]";"UpdateKopelioff";"MedellÃ­n, Colombia"
"Fri Nov 29 21:20:02 +0000 2019";"EstarÃ­a necesitando pegar una peÃ±ita fuerte";1200524846523994112;NA;"TE DE TILO â™¡";"acmyse";""
"Fri Nov 29 21:19:06 +0000 2019";"Que mal me siento, estarÃ­a necesitando estar en la cama y no trabajando ğŸ¤¦â€â™€ï¸";1200524611592630272;NA;"Anabelia â€ ";"AnabeliaQuiros";""
"Fri Nov 29 21:18:48 +0000 2019";"RT @stanaholic: estarÃ­a necesitando ahora una actualizaciÃ³n de lsdlm https://t.co/bsxE3zYY9z";1200524534140559361;NA;"ClaudiağŸŒ§ï¸ğŸ–¤";"wigfornatalia";"Las Palmas de Gran Canaria, Es"
"Fri Nov 29 21:18:19 +0000 2019";"EstarÃ­a necesitando otro laburo extra";1200524413927600128;NA;"Richar MiÃ±o";"Richaar14";"Club Atletico River Plate âš¬ğŸ”´âš¬"
"Fri Nov 29 21:17:14 +0000 2019";"@robenedetich EstarÃ­a necesitando nuestros viernes de bar";1200524140798763008;1200521727924678700;"Mica";"MikaKletzky";""
"Fri Nov 29 21:17:04 +0000 2019";"RT @stanaholic: estarÃ­a necesitando ahora una actualizaciÃ³n de lsdlm https://t.co/bsxE3zYY9z";1200524099950436352;NA;"otras alas pa volar â˜ğŸŒ§";"OT20185";""
"Fri Nov 29 21:16:35 +0000 2019";"RT @BomboEx: Como ahora te estoy necesitando... https://t.co/lFjOKqc61X";1200523977858437121;NA;"LozadağŸ˜ˆ";"mmlr8525";""
"Fri Nov 29 21:14:51 +0000 2019";"RT @Amparo44840192: Estaria necesitando poder sacarte de mi cabeza,solo por un momento, necesito paz";1200523541940252673;NA;"ğŸ’«";"BianLiberatto3";""
"Fri Nov 29 21:14:32 +0000 2019";"Estaria necesitando una pileta en mi patio";1200523461954813952;NA;"Brendu ğŸ’š";"Brenduu97";"Argentina"
"Fri Nov 29 21:12:24 +0000 2019";"RT @ferkachu12: Nunca no estoy necesitando un abrazo de mi papÃ¡";1200522923867615238;NA;"Malena SozoÃ±uk";"MalenaSozo";"Posadas Misiones"
"Fri Nov 29 21:12:21 +0000 2019";"RT @Agu_Salomon: EstarÃ­a necesitando 1kg de helado de cerecettğŸ¤¤ğŸ¤¤";1200522912828133376;NA;"ğ’ğ’ğ’† ğ‘´ğ’ğ’ğ’Šğ’ğ’‚ğŸ–¤";"ZoeMolinaa_";""
"Fri Nov 29 21:11:50 +0000 2019";"RT @BeleenIbz: Lo que estoy necesitando un abrazo..";1200522782465024000;NA;"Juà¸„à¸«cà¸„ Â²Â²";"Juan_Cauquoz";""
"Fri Nov 29 21:11:41 +0000 2019";"Estaria necesitando mis vacaciones urgente";1200522744288464896;NA;"Elizabeth ğŸƒ";"BeethZelaya";"Ushuaia, Argentina"
"Fri Nov 29 21:10:52 +0000 2019";"Estaria necesitando urgente compaÃ±er@ de estudio! ğŸ˜£ https://t.co/2b1aw3k8kQ";1200522537517629441;NA;"Any Roberts";"roberts_any";""
"Fri Nov 29 21:10:46 +0000 2019";"EstarÃ­a necesitando un grupo de gente que meta noche todos los findes para el verano";1200522512662237184;NA;"Fabriii";"Fabriinick";"Neptunia, Uruguay"
"Fri Nov 29 21:10:42 +0000 2019";"RT @claudiapascali: Bueno estarÃ­a necesitando cortarme el pelo, teÃ±irme, hacerme un alisado, comprarme ropa, maquillaje y sandalias. LleguÃ©â€¦";1200522495016738823;NA;"Male Sacco";"MaleSacco";""
"Fri Nov 29 21:10:18 +0000 2019";"RT @aleftespos: estarÃ­a necesitando estas fotos en hd miren quÃ© bells por favor https://t.co/i1BDNfJ8hz";1200522396865892353;NA;"Miriii ğŸ’š";"laliter_inlove";"AndalucÃ­a, EspaÃ±a"
"Fri Nov 29 21:09:55 +0000 2019";"@CNCOmusic @Forever21 @ErickBrianColon @itsjoelpimentel @christophervele Estoy necesitando que vendan el hoddie que tiene Erick";1200522300984037376;1200521353905918000;"Camila ğŸ‡¨ğŸ‡´";"VeleezftJoel";"BogotÃ¡, D.C., Colombia"
"Fri Nov 29 21:09:19 +0000 2019";"Nunca no estoy necesitando un abrazo de mi papÃ¡";1200522148630138881;NA;"ğ˜” ğ˜ğ˜¦ğ˜³ğ˜¯ğ˜¢ğ˜¯ğ˜¥ğ˜¢ â™‹";"ferkachu12";"Chaco, Argentina"
"Fri Nov 29 21:09:18 +0000 2019";"RT @claudiapascali: Bueno estarÃ­a necesitando cortarme el pelo, teÃ±irme, hacerme un alisado, comprarme ropa, maquillaje y sandalias. LleguÃ©â€¦";1200522143378878467;NA;"Eve";"LandaburuE";"Navarro, Argentina"
"Fri Nov 29 21:09:11 +0000 2019";"estaria necesitando https://t.co/luCKUVJsHD";1200522113511284736;NA;"kandela";"CandeBurs";""
"Fri Nov 29 21:09:00 +0000 2019";"Lo que estaria necesitando un pucho ahora o una lÃ­nea de merca mejor";1200522068602839042;NA;"Bad Liar ğŸŒ¹";"Hfk_rare";"Argentina"
"Fri Nov 29 21:08:51 +0000 2019";"EstarÃ­a necesitando acabar el cuatri, sino el cuatri va a acabar conmigo ğŸ¤”ğŸ¤”ğŸ¤”ğŸ¤” #findeaÃ±o #necesitovacacionesfacultativas #helpme";1200522029667147781;NA;"Barbyâ˜¯ï¸â˜®ï¸";"cisneros_barby";"(Argentina)"
"Fri Nov 29 21:08:44 +0000 2019";"RT @_ceciarzamendia: EstarÃ­a necesitando un vaso gigante de caipiruva";1200521999929528324;NA;"Laau!";"_lmbb16";"Asuncion, Paraguay"
"Fri Nov 29 21:08:33 +0000 2019";"Lo estarÃ­a necesitando https://t.co/ULOfooOToa";1200521955771912195;NA;"jota eme";"JosefinaMukdise";""
"Fri Nov 29 21:07:35 +0000 2019";"EstarÃ­a necesitando ir a la playa y escuchar las olas, nd mÃ¡s";1200521712170872837;NA;"MÎ±Î¹Ñ‚Ñ”";"MaiiMurphy";""
"Fri Nov 29 21:05:18 +0000 2019";"Quien carajo tiene dos vestidos de graduaciÃ³n listos y terminados? Esta pelotuda nomÃ¡s. EstarÃ­a necesitando decidirme por uno ğŸ˜­";1200521137198895104;NA;"Vicky ğŸ„";"vickiiponce1";""
"Fri Nov 29 21:04:12 +0000 2019";"estaria necesitando salirrğŸ˜¢";1200520859296968704;NA;"martina";"marticontreras_";""
"Fri Nov 29 21:03:10 +0000 2019";"RT @aleftespos: estarÃ­a necesitando estas fotos en hd miren quÃ© bells por favor https://t.co/i1BDNfJ8hz";1200520602068701185;NA;"LALITA C.R â¤ğŸ‡¨ğŸ‡·";"Fer0ficial";"Costa Rica/Isabelandia"
"Fri Nov 29 21:01:19 +0000 2019";"Hace alta humedad pero estarÃ­a necesitando ir a comprar para hacerme cafÃ© helado ğŸ˜ª";1200520134437281792;NA;"Romaina â";"GutierrezRomii";"Argentina"
"Fri Nov 29 21:01:18 +0000 2019";"@taewhispers estarÃ­a necesitando ser yoongi ğŸ˜”";1200520131140562946;1200519944158503000;"ì—ì‡â·";"carolalacuerva";"âŸ­âŸ¬"
"Fri Nov 29 21:00:44 +0000 2019";"Estaria necesitando novio para que me haga mimos ahora que estoy enfermağŸ’”";1200519988668502016;NA;"Ludmiáƒ¦";"Luddmi17";"Hurlingham"
"Fri Nov 29 21:00:29 +0000 2019";"RT @stanaholic: estarÃ­a necesitando ahora una actualizaciÃ³n de lsdlm https://t.co/bsxE3zYY9z";1200519925028315136;NA;"Sara ğŸ’«";"sara_h_c";"Algeciras, cadizfornia "
"Fri Nov 29 20:59:48 +0000 2019";"EstarÃ­a necesitando un laburo , dios necesito plata.";1200519755150626816;NA;"Ğ¼Ñ”â„“Î±Ğ¸Î¹ ğŸ’«";"Beltrami_Ok";""
"Fri Nov 29 20:59:00 +0000 2019";"RT @stanaholic: estarÃ­a necesitando ahora una actualizaciÃ³n de lsdlm https://t.co/bsxE3zYY9z";1200519553475907584;NA;"eugeâ˜";"quimeralbaa";"argentina"
"Fri Nov 29 20:58:33 +0000 2019";"RT @yeisili614: Estoy necesitando mi dosis de papas fritas con mostaza #NeverLeaveMX7#ìŠ¬í””ì„_ë’¤ë¡œí•œ_ì±„@OfficialMonstaX  @STARSHIPent https://tâ€¦";1200519440988807169;NA;"Nurigom7ğŸ°ğŸ¦‹âœ¨";"NurichanYM";"EspaÃ±a"
"Fri Nov 29 20:53:41 +0000 2019";"RT @_ceciarzamendia: EstarÃ­a necesitando un vaso gigante de caipiruva";1200518215379693568;NA;"Camila Garcete";"CamilaGarcete16";""
"Fri Nov 29 20:53:14 +0000 2019";"RT @yaemallada: EstarÃ­a necesitando ser millonaria";1200518099923062786;NA;"Gavilan";"Gabofernandez02";""
"Fri Nov 29 20:53:11 +0000 2019";"RT @aleftespos: estarÃ­a necesitando estas fotos en hd miren quÃ© bells por favor https://t.co/i1BDNfJ8hz";1200518088162267139;NA;"Lixybeth Perez";"Lixyb25";""
"Fri Nov 29 20:52:43 +0000 2019";"EstarÃ­a necesitando una pileta urgente";1200517971279581188;NA;"á´Éªá´„á´€á´€á´€";"MicaMarital";"Las Heras, Mendoza  ğŸ‡"
"Fri Nov 29 20:52:03 +0000 2019";"Estaria necesitando irme bien a la mierda de mi casa";1200517804425908226;NA;"lolita ğŸŒ¹";"LeguiValen_";""
"Fri Nov 29 20:48:54 +0000 2019";"Estoy necesitando tatuarme mÃ¡s que nunca ğŸ˜–";1200517012633669632;NA;"Bruno Nicolas";"BbrunoNicolas";"bahia blanca"
"Fri Nov 29 20:48:10 +0000 2019";"EstarÃ­a  necesitando un retiro por Dubai ğŸ’â€â™€ï¸";1200516824623960064;NA;"Rommy FernÃ¡ndez ğŸ¦‹";"r_fernandez22";"Itapua, Paraguay"
"Fri Nov 29 20:42:30 +0000 2019";"RT @amadxribanez: EstarÃ­a necesitando que se largue a llover";1200515399361728512;NA;"Gonza Gaetan";"gonzah97";"Venado Tuerto"
"Fri Nov 29 20:40:56 +0000 2019";"RT @aleftespos: estarÃ­a necesitando estas fotos en hd miren quÃ© bells por favor https://t.co/i1BDNfJ8hz";1200515005504000000;NA;"MÎ±Ä±teâ˜¾";"mysunshinelali";"donde ellas estenğŸ’«"
"Fri Nov 29 20:39:36 +0000 2019";"RT @goobimin: EstarÃ­a necesitando un abrazo de Jimin :( https://t.co/43FauPXdiB";1200514668957196289;NA;"tinağŸ§¸";"agustinaortiva";"San Luis, Argentina"
"Fri Nov 29 20:38:53 +0000 2019";"EstarÃ­a necesitando mucho unos masajes, lo q me duele la espalda por dioss ğŸ™";1200514489986306048;NA;"Agus ğŸ¦‹ğŸŒ»ğŸ˜ğŸ¦";"agusbaricola";""
"Fri Nov 29 20:37:39 +0000 2019";"RT @stanaholic: estarÃ­a necesitando ahora una actualizaciÃ³n de lsdlm https://t.co/bsxE3zYY9z";1200514181008699394;NA;"beluğŸŒ§ï¸â˜ï¸";"addictskarev";"Grey Sloan Memorial"
"Fri Nov 29 20:36:16 +0000 2019";"EstarÃ­a necesitando 1kg de helado y pileta";1200513832675921920;NA;"ğŸ‘€";"ArianSaavedra3";"MaipÃº, Mendoza"
"Fri Nov 29 20:35:55 +0000 2019";"RT @miguelon3005: Estaria necesitando un 24 en la esquina de mi caza, con migo solo se mantendria.";1200513741676318720;NA;"r0ncHIğŸ¤˜ğŸ½";"ValentinaRonch9";""
"Fri Nov 29 20:35:10 +0000 2019";"RT @NegraTomasa_: Estoy necesitando el reguetoncito de 'Y LA CULPA NO ERA MÃA, NI DÃ“NDE ESTABA NI CÃ“MO VESTÃA...'";1200513552571916289;NA;"Daniela Becerra Lukauskis";"DaniBece11";""
"Fri Nov 29 20:34:22 +0000 2019";"RT @HerdtMartinita: estoy necesitando tus teres,tus charlas y mucho de vos";1200513354219040768;NA;"shulai";"GiuliTrossero";"Diamante, Argentina"
"Fri Nov 29 20:33:15 +0000 2019";"RT @aleftespos: estarÃ­a necesitando estas fotos en hd miren quÃ© bells por favor https://t.co/i1BDNfJ8hz";1200513074047934466;NA;"gallavich ğŸ†";"LALITIZEI";"Recife, Brasil"
"Fri Nov 29 20:33:15 +0000 2019";"EstarÃ­a necesitando amigas para tomar tere y para estar en la pile ğŸ¥º";1200513071598489602;NA;"ğ•†ğ•£ğ•šğ•’ğ•Ÿğ•’ ğŸ’";"Oriana_lopezOK";""
"Fri Nov 29 20:33:12 +0000 2019";"RT @Luciaa_Balan: Estoy necesitando masajes en el culo y espalda";1200513059795742720;NA;"LuuuanitağŸ’";"Luaamartinez1";"Villa Gobernador GÃ¡lvez, Argen"
"Fri Nov 29 20:32:54 +0000 2019";"EstarÃ­a necesitando estar en tucuman una birra y vos...";1200512984046604289;NA;"Agos";"Agoos_sanchez";"tucuman,argentina"
"Fri Nov 29 20:32:34 +0000 2019";"EstarÃ­a necesitando playa";1200512900064043009;NA;"Agos";"Agoos_sanchez";"tucuman,argentina"
"Fri Nov 29 20:32:02 +0000 2019";"RT @_ceciarzamendia: EstarÃ­a necesitando un vaso gigante de caipiruva";1200512766936780802;NA;"Dahiana Galeano";"DahianaGalean";"Paraguay"
"Fri Nov 29 20:29:55 +0000 2019";"RT @aleftespos: estarÃ­a necesitando estas fotos en hd miren quÃ© bells por favor https://t.co/i1BDNfJ8hz";1200512234830598151;NA;"carla";"ragoespos";"en el mundo de las seriesğŸ˜š"
"Fri Nov 29 20:29:38 +0000 2019";"RT @8Lulapace: @Joany23054263 Estaria necesitando de tus servicios jajajja";1200512163670048769;NA;"Joany";"Joany23054263";""
"Fri Nov 29 20:29:30 +0000 2019";"RT @TomyWilhjelm: Estaria necesitando que alguien me active esta noche";1200512126512762881;NA;"Facu Trionfini";"facu_trionfini";""
"Fri Nov 29 20:29:28 +0000 2019";"EstarÃ­a necesitando q llegue el papa de gino asÃ­ me puedo baÃ±ar ğŸ˜•";1200512121366290433;NA;"Luzâœ¨";"Luz696G";"Rosario, Argentina"
"Fri Nov 29 20:29:02 +0000 2019";"@Joany23054263 Estaria necesitando de tus servicios jajajja";1200512011983052801;1200510895689994200;"L U L A P A C E";"8Lulapace";"Venado Tuerto, Argentina"
"Fri Nov 29 20:28:02 +0000 2019";"EstarÃ­a necesitando un cuarto de helado ğŸ’”";1200511757766287367;NA;"Â¶arâˆ†dojas";"BeluSeverin";"Argentina"
"Fri Nov 29 20:27:56 +0000 2019";"RT @aleftespos: estarÃ­a necesitando estas fotos en hd miren quÃ© bells por favor https://t.co/i1BDNfJ8hz";1200511733720371203;NA;"RomiğŸŒ»ğŸ‡ºğŸ‡¾";"triumphslali";"Uruwhy || abrace a lali"
"Fri Nov 29 20:27:04 +0000 2019";"Estaria necesitando que llegue el lunes asi retiro el ğŸŒªï¸ğŸ¤ª";1200511517663334405;NA;"Franregalado";"franregalado";""
"Fri Nov 29 20:26:33 +0000 2019";"EstarÃ­a necesitando alguien que me sebe teres o mates mientras hago el trabajo practico";1200511387077885952;NA;"á´‡sá´á´‡ âš¡";"Esmeg24k";""
"Fri Nov 29 20:26:00 +0000 2019";"EstarÃ­a necesitando alguien que me haga la dos en la tienda, me duermoo ğŸ˜´";1200511246354784256;NA;"Camila";"Camirodrigguez2";"San Miguel del Monte"
"Fri Nov 29 20:25:49 +0000 2019";"Estaria necesitando irme a mi casa";1200511201987452929;NA;"clauğŸ¹";"ClaauGuruceta";"CÃ³rdoba, Argentina"
"Fri Nov 29 20:25:19 +0000 2019";"RT @NegraTomasa_: Estoy necesitando el reguetoncito de 'Y LA CULPA NO ERA MÃA, NI DÃ“NDE ESTABA NI CÃ“MO VESTÃA...'";1200511075093008385;NA;"Tu-Leidy";"Tuleidy1204";"San Carlos, Colombia"
"Fri Nov 29 20:24:42 +0000 2019";"RT @AngelsGaona: EstarÃ­a necesitando playa";1200510922348990465;NA;"Quiero ser un Ãngel";"potter_gifer";"Hungary"
"Fri Nov 29 20:23:30 +0000 2019";"RT @delosriosbelen: EstarÃ­a necesitando entender la necesidad que siente la gente de ser un estandarte de la moral en pÃºblico, escrachandoâ€¦";1200510619830624256;NA;".";"pachifois";"Paraguay"
"Fri Nov 29 20:23:28 +0000 2019";"RT @miguelon3005: Estaria necesitando un 24 en la esquina de mi caza, con migo solo se mantendria.";1200510608531218432;NA;"F";"Frann_mlp";"Santa FÃ©, Argentina"
"Fri Nov 29 20:22:58 +0000 2019";"RT @_ceciarzamendia: EstarÃ­a necesitando un vaso gigante de caipiruva";1200510486149816321;NA;"Mario Alvarez";"AlvarezMario01";"Asuncion, Paraguay"
"Fri Nov 29 20:22:34 +0000 2019";"RT @delosriosbelen: EstarÃ­a necesitando entender la necesidad que siente la gente de ser un estandarte de la moral en pÃºblico, escrachandoâ€¦";1200510383540391937;NA;"Pamela Hickethier";"pamela_h";"AsunciÃ³n, Paraguay"
"Fri Nov 29 20:21:25 +0000 2019";"RT @sebbazuccala: EstarÃ­a necesitando un aÃ±o nuevo asÃ­ https://t.co/myXij6M9ce";1200510092673765379;NA;"Laau ğŸ†";"Laauuraa09";""
"Fri Nov 29 20:20:51 +0000 2019";"RT @aleftespos: estarÃ­a necesitando estas fotos en hd miren quÃ© bells por favor https://t.co/i1BDNfJ8hz";1200509952466522112;NA;"Anita {ğŸŒ} #LaligeraOnVevoğŸ†";"LaliPromoLE";""
"Fri Nov 29 20:20:49 +0000 2019";"RT @aleftespos: estarÃ­a necesitando estas fotos en hd miren quÃ© bells por favor https://t.co/i1BDNfJ8hz";1200509943813681152;NA;"ğ”°ğ”ğ”Ÿğ”¯ğ”¦ğ”«ğ” ğŸ‡©ğŸ‡´";"backto90slali";""
"Fri Nov 29 20:18:24 +0000 2019";"RT @aleftespos: estarÃ­a necesitando estas fotos en hd miren quÃ© bells por favor https://t.co/i1BDNfJ8hz";1200509336595906561;NA;"thalitys";"antuneslitta";"lost."
"Fri Nov 29 20:15:58 +0000 2019";"RT @nachomacario8: EstarÃ­a necesitando una coca bien helada y la pileta";1200508721216065536;NA;"Lukasï£¿";"Lukkacha07";"CÃ³rdoba City"
"Fri Nov 29 20:15:38 +0000 2019";"Lo estarÃ­a necesitando https://t.co/0nSEHN32pe";1200508638617620481;NA;"ğ•¶ğ–†ğ–—ğ–Šğ–“";"KarenFigueroaa";"Buenos Aires, Argentina"
"Fri Nov 29 20:15:30 +0000 2019";"EstarÃ­a necesitando urgente poder manejar por ruta";1200508605520392192;NA;"C I R U J A #2ğŸ”ª";"ezenievas15";""
"Fri Nov 29 20:15:06 +0000 2019";"RT @coronel_daiana: ESTARIA NECESITANDO ESTAS FOTOS EN HD, POR FAVOR QUE HERMOSAğŸ˜ https://t.co/fIfbvtF052";1200508505624592385;NA;"Laura zamorano";"lauramariajose";"ValÃ¨ncia, Espanya"
"Fri Nov 29 20:13:06 +0000 2019";"@abitachii Querida desconocida, estarÃ­a necesitando ese filtro. Le mando un cordial saludo y agradezco su atencion.";1200508000559157248;1200445610224242700;"Culonavirus";"Lucamartin03";"RÃ­o Grande"
"Fri Nov 29 20:12:24 +0000 2019";"Estaria necesitando poder sacarte de mi cabeza,solo por un momento, necesito paz";1200507826206134272;NA;"ğ“ğ“¶ğ“¹ğ“ªğ“»ğ“¸ ğŸ’«";"Amparo44840192";""
"Fri Nov 29 20:10:34 +0000 2019";"RT @Whoriano: EstarÃ­a necesitando mas o menos toda la birra de la ciudad para quitar el pirevai.";1200507361800204290;NA;"NatyNatyğŸš«";"NatyNaty17_";"Paraguay"
"Fri Nov 29 20:10:27 +0000 2019";"Estoy necesitando bollo con chocolatada ğŸ˜­";1200507335292137474;NA;"Eimy Olmedo";"EimyOlmedo";"Central, Paraguay"
"Fri Nov 29 20:10:19 +0000 2019";"RT @Anabelensosa_: Lo estoy necesitando yayayayaya https://t.co/8FbAaldKD6";1200507298956881920;NA;"Tamaraaâ˜ ";"PandoraaaBox";""
"Fri Nov 29 20:09:09 +0000 2019";"EstarÃ­a necesitando muchos los brackets";1200507005221376001;NA;"valenğŸŒ¹";"JaraaValen";""
"Fri Nov 29 20:08:16 +0000 2019";"RT @sebbazuccala: EstarÃ­a necesitando un aÃ±o nuevo asÃ­ https://t.co/myXij6M9ce";1200506784353570816;NA;"L u zğŸ¤";"___luuzzgg";""
"Fri Nov 29 20:08:04 +0000 2019";"EstarÃ­a necesitando un abrazo de Jimin :( https://t.co/43FauPXdiB";1200506736270102530;NA;"Ğ²Ñ”Ñ”l Â³Ê²";"etternalsun";"Ğ½ope world"
"Fri Nov 29 20:07:56 +0000 2019";"EstarÃ­a necesitando esto sisisi https://t.co/5d4NhrzUnI";1200506701859971073;NA;"Anto";"_antobolzicco";""
"Fri Nov 29 20:07:53 +0000 2019";"Estaria necesitando un 24 en la esquina de mi caza, con migo solo se mantendria.";1200506686487838720;NA;"Miguel Mauri";"miguelon3005";"Santa fe Argentina"
"Fri Nov 29 20:06:55 +0000 2019";"RT @aleftespos: estarÃ­a necesitando estas fotos en hd miren quÃ© bells por favor https://t.co/i1BDNfJ8hz";1200506445529305090;NA;"Micuâ­ğŸ’«";"pridefordochi_";"Rosario, Argentina"
"Fri Nov 29 20:06:48 +0000 2019";"RT @aleftespos: estarÃ­a necesitando estas fotos en hd miren quÃ© bells por favor https://t.co/i1BDNfJ8hz";1200506416169136136;NA;"MyLittleLB";"la_libecky";""
"Fri Nov 29 20:06:23 +0000 2019";"EstarÃ­a necesitando ser millonaria";1200506311567400960;NA;"Yael";"yaemallada";"Puerto San Julian, Argentina "
"Fri Nov 29 20:06:23 +0000 2019";"RT @coronel_daiana: ESTARIA NECESITANDO ESTAS FOTOS EN HD, POR FAVOR QUE HERMOSAğŸ˜ https://t.co/fIfbvtF052";1200506310716002312;NA;"MAGUIğŸ’š";"arifilters";"Ciudad AutÃ³noma de Buenos Aire"
"Fri Nov 29 20:06:12 +0000 2019";"RT @Valecollado1: Estaria necesitando tomar sol";1200506266419896326;NA;"á´á´€Ê€á´›ÉªÉ´á´€ğŸ’";"martinaatrejo";"Santiago del Estero, Argentina"
"Fri Nov 29 20:05:52 +0000 2019";"RT @nachomacario8: EstarÃ­a necesitando una coca bien helada y la pileta";1200506182257041411;NA;"lulitaaa";"nunnezlulu";""
"Fri Nov 29 20:05:41 +0000 2019";"ESTARIA NECESITANDO ESTAS FOTOS EN HD, POR FAVOR QUE HERMOSAğŸ˜ https://t.co/fIfbvtF052";1200506134639054850;NA;"Daii";"coronel_daiana";"Buenos Aires, Argentina"
"Fri Nov 29 20:05:23 +0000 2019";"RT @aleftespos: estarÃ­a necesitando estas fotos en hd miren quÃ© bells por favor https://t.co/i1BDNfJ8hz";1200506059963666432;NA;"MAGUIğŸ’š";"arifilters";"Ciudad AutÃ³noma de Buenos Aire"
"Fri Nov 29 20:05:23 +0000 2019";"estarÃ­a necesitando todo lo que viene a ser mÃ¡s memoria ğŸ˜” https://t.co/HR6ohP5fvr";1200506058877390848;NA;"AleğŸ–¤";"Alegil_lcdtm";"Rosario, Argentina"
"Fri Nov 29 20:05:17 +0000 2019";"RT @stanaholic: estarÃ­a necesitando ahora una actualizaciÃ³n de lsdlm https://t.co/bsxE3zYY9z";1200506035934552065;NA;"Trashe";"TrashNAlR";""
"Fri Nov 29 20:04:26 +0000 2019";"Lo estarÃ­a necesitando con URGENCIA. https://t.co/iM4HUKS8eS";1200505821886590976;NA;"Fernando Barrozo";"Fer_Barrozoep";"Ciudad AutÃ³noma de Buenos Aire"
"Fri Nov 29 20:04:11 +0000 2019";"@DanielaMancuso_ Estoy necesitando un puchi puchi pero con un truk me conformo";1200505758296743936;1200501170210521000;"Mauro";"MauritoSalas";"San Antonio de Padua"
"Fri Nov 29 20:03:53 +0000 2019";"Lo estoy necesitando yayayayaya https://t.co/8FbAaldKD6";1200505679884230656;NA;"áªÎáª";"Anabelensosa_";"La Pampa"
"Fri Nov 29 20:03:31 +0000 2019";"RT @aleftespos: estarÃ­a necesitando estas fotos en hd miren quÃ© bells por favor https://t.co/i1BDNfJ8hz";1200505588792340483;NA;"Alondra Calderon";"alondrapur25";"Puerto Rico"
"Fri Nov 29 20:03:03 +0000 2019";"EstarÃ­a necesitando compaÃ±Ã­a...";1200505470471024640;NA;"Tadeo Rojas Moreira";"RM_Tadeo";"San AndrÃ©s de Giles, Argentina"
"Fri Nov 29 20:01:55 +0000 2019";"RT @aleftespos: estarÃ­a necesitando estas fotos en hd miren quÃ© bells por favor https://t.co/i1BDNfJ8hz";1200505187695288320;NA;"valen,,";"laliwithjuli";"sueÃ±o cumplido - 10/08/18"
"Fri Nov 29 20:01:17 +0000 2019";"estarÃ­a necesitando 10k ya mismo para todo lo q tengo q hacer";1200505026130694144;NA;"ÊŸá´œá´„á´€sğŸ‡ºğŸ‡¦";"LucassBurgos1";""
"Fri Nov 29 20:01:03 +0000 2019";"Necesito que alguien me traiga jamÃ³n y queso al kiosco, lo estarÃ­a necesitando muchisimo";1200504967284580352;NA;"Ivo";"IvoGerolin_";"Cordoba, Argentina."
"Fri Nov 29 20:01:02 +0000 2019";"RT @aleftespos: estarÃ­a necesitando estas fotos en hd miren quÃ© bells por favor https://t.co/i1BDNfJ8hz";1200504965749526528;NA;"Sabri ğŸ‡¦ğŸ‡·";"aitanaxvigna";"Buenos Aires, Argentina"
"Fri Nov 29 20:01:02 +0000 2019";"RT @Valecollado1: Estaria necesitando tomar sol";1200504962863771649;NA;"âœ¦â¸™â„“Ï…Î¹Ñ•Î±Ğ¸Î±â¸™âœ¦";"luisi_pjm";"Santiago del Estero, Argentina"
"Fri Nov 29 20:00:45 +0000 2019";"RT @aleftespos: estarÃ­a necesitando estas fotos en hd miren quÃ© bells por favor https://t.co/i1BDNfJ8hz";1200504893376737280;NA;"martiğŸ‡ºğŸ‡¾";"esposdroga";"uruwhy"
"Fri Nov 29 20:00:41 +0000 2019";"RT @smallblinku: EstarÃ­a necesitando que BLACKPINK vuelva a salvar la navidad como el aÃ±o pasado #MAMAVOTE #BLACKPINK @ygofficialblink htâ€¦";1200504875249000448;NA;"ğŸ…µğŸ…°ğŸ…½ğŸ…¸ğŸ…½ğŸ…¸.";"Bangtand27_Cat";""
"Fri Nov 29 20:00:14 +0000 2019";"RT @aleftespos: estarÃ­a necesitando estas fotos en hd miren quÃ© bells por favor https://t.co/i1BDNfJ8hz";1200504762397069312;NA;"celina";"cutureaitana";"Argentina"
"Fri Nov 29 19:59:50 +0000 2019";"RT @aleftespos: estarÃ­a necesitando estas fotos en hd miren quÃ© bells por favor https://t.co/i1BDNfJ8hz";1200504661029113856;NA;"Gabs ğŸ‡§ğŸ‡·";"AngelsEspos";"Brasil"
"Fri Nov 29 19:58:55 +0000 2019";"RT @aleftespos: estarÃ­a necesitando estas fotos en hd miren quÃ© bells por favor https://t.co/i1BDNfJ8hz";1200504429922979842;NA;".";"ftandlalo";"arg"
"Fri Nov 29 19:58:51 +0000 2019";"RT @aleftespos: estarÃ­a necesitando estas fotos en hd miren quÃ© bells por favor https://t.co/i1BDNfJ8hz";1200504413292355585;NA;"ÊŸá´€ÊŸÉª ğŸ†";"lalixUS";""
"Fri Nov 29 19:58:43 +0000 2019";"RT @aleftespos: estarÃ­a necesitando estas fotos en hd miren quÃ© bells por favor https://t.co/i1BDNfJ8hz";1200504380597972995;NA;"Milagros";"amorxespossi";""
"Fri Nov 29 19:57:58 +0000 2019";"estarÃ­a necesitando estas fotos en hd miren quÃ© bells por favor https://t.co/i1BDNfJ8hz";1200504191623614464;NA;"ale loves lauren";"aleftespos";""
"Fri Nov 29 19:56:20 +0000 2019";"estoy necesitando tus teres,tus charlas y mucho de vos";1200503781567410176;NA;"Co'ventry";"HerdtMartinita";"entre rios Argentina"
"Fri Nov 29 19:55:50 +0000 2019";"EstarÃ­a necesitando noviar con las 9https://t.co/EWNeSfcyWW";1200503656744914944;NA;".";"skzoh";""
"Fri Nov 29 19:54:15 +0000 2019";"Estaria necesitando que alquien me diga \"\"veni a tomar un porron\"\"";1200503258491637761;NA;"Ò“á´œá´„á´‹ÉªÉ´É¢ Ê™ÊŸá´€á´„á´‹";"emigarcia_17";""
"Fri Nov 29 19:52:47 +0000 2019";"EstarÃ­a necesitando estar en su lugar https://t.co/HeF7IQTIjm";1200502888113614849;NA;"an";"angiefrank_";""
"Fri Nov 29 19:52:01 +0000 2019";"EstarÃ­a necesitando una remera con esta frase ğŸ‘‡ğŸ» https://t.co/XFnyycDoRz";1200502695632736257;NA;"Fer Brambilla";"fer_brambilla";"Filipenses 4:13"
"Fri Nov 29 19:51:53 +0000 2019";"RT @LuanaMagali16: Estoy buscando trabajo, ya sea cuidado de ancianos, o niÃ±os, (tengo experiencia) Lo estoy necesitando, si me ayudan a diâ€¦";1200502663290470400;NA;"tataaaaağŸ¤";"RenataContrista";""
"Fri Nov 29 19:51:39 +0000 2019";"RT @stanaholic: estarÃ­a necesitando ahora una actualizaciÃ³n de lsdlm https://t.co/bsxE3zYY9z";1200502603450376194;NA;"der quimera â˜ï¸ğŸŒˆ";"bayxreche";"Annalisa | Alba | Natalia | LJ"
"Fri Nov 29 19:50:15 +0000 2019";"RT @Braianusv11: Estaria necesitando un 1kg de helado para a mi soloğŸ˜";1200502251711803392;NA;"Î± g Ï… Ñ• Ñ‚ Î¹ Î· Î±ğŸ’™";"agussordonezz";"CÃ³rdoba, Argentina"
"Fri Nov 29 19:49:21 +0000 2019";"estaria necesitando un cuerpo nuevo";1200502024548298752;NA;"JÃ¸niâ™›";"Jonatthanvr_";"Monte chingolo"
"Fri Nov 29 19:48:59 +0000 2019";"RT @stanaholic: estarÃ­a necesitando ahora una actualizaciÃ³n de lsdlm https://t.co/bsxE3zYY9z";1200501930763718664;NA;"ari";"onlythemtwo";"ArgğŸ‡¦ğŸ‡·"
"Fri Nov 29 19:47:31 +0000 2019";"RT @stanaholic: estarÃ­a necesitando ahora una actualizaciÃ³n de lsdlm https://t.co/bsxE3zYY9z";1200501562168217602;NA;"a cuchillo ğŸğŸ”ª";"albarechxx";"Argentina"
"Fri Nov 29 19:46:33 +0000 2019";"EstarÃ­a necesitando irme bien lejos....... Me alcanzara con vender el riÃ±Ã³n?! ğŸ¤”ğŸ¤”ğŸ¤”";1200501320630845440;NA;"Daniza Peralta";"DaniizaPeraltaa";"Bell ville- cba"
"Fri Nov 29 19:45:55 +0000 2019";"RT @NaiiL12: un smirnoff  y una pileta es lo que estoy necesitando ğŸ’†";1200501162350432258;NA;"Ğ¼Î±gÎ±lÎ¹Ì";"Maguii_Torelli";"Arroyo Cabral, CÃ³rdoba"
"Fri Nov 29 19:44:34 +0000 2019";"RT @NegraTomasa_: Estoy necesitando el reguetoncito de 'Y LA CULPA NO ERA MÃA, NI DÃ“NDE ESTABA NI CÃ“MO VESTÃA...'";1200500820044910592;NA;"BossBitch";"ReginaBotch";"Cali, Colombia"
"Fri Nov 29 19:43:32 +0000 2019";"RT @LuanaMagali16: Estoy buscando trabajo, ya sea cuidado de ancianos, o niÃ±os, (tengo experiencia) Lo estoy necesitando, si me ayudan a diâ€¦";1200500560501379078;NA;"ğ‘“ğ‘Ÿğ‘ğ‘›ğ‘ğ‘’ğ‘ ğ‘ğ‘â™¡";"FranchuDear9";"Rosario, Argentina"
"Fri Nov 29 19:43:29 +0000 2019";"RT @stanaholic: estarÃ­a necesitando ahora una actualizaciÃ³n de lsdlm https://t.co/bsxE3zYY9z";1200500547205382145;NA;"san ğŸŒ§";"sanayala1";"Ciudad AutÃ³noma de Buenos Aire"
"Fri Nov 29 19:41:32 +0000 2019";"RT @NegraTomasa_: Estoy necesitando el reguetoncito de 'Y LA CULPA NO ERA MÃA, NI DÃ“NDE ESTABA NI CÃ“MO VESTÃA...'";1200500058703192064;NA;"H";"HVillamizar4";""
"Fri Nov 29 19:40:55 +0000 2019";"Estoy necesitando el reguetoncito de 'Y LA CULPA NO ERA MÃA, NI DÃ“NDE ESTABA NI CÃ“MO VESTÃA...'";1200499902146646017;NA;"Natalia.";"NegraTomasa_";""
"Fri Nov 29 19:40:51 +0000 2019";"EstarÃ­a necesitando este finde completo para descansar ğŸ’†ğŸ§˜";1200499887282040833;NA;"Andrea ğŸŒ ";"ANDREA05091000";"GENERAL PINTO"
"Fri Nov 29 19:40:03 +0000 2019";"estarÃ­a necesitando ahora una actualizaciÃ³n de lsdlm https://t.co/bsxE3zYY9z";1200499685020065793;NA;"lola black ğŸŒ§ï¸â˜ï¸";"stanaholic";""
"Fri Nov 29 19:39:01 +0000 2019";"EstarÃ­a necesitando a alguien que me cebe mates mientras hago los cortes de pelo ğŸ™ƒ";1200499422330793984;NA;"Facu Sepulveda";"Facundo34413255";"Argentina"
"Fri Nov 29 19:31:52 +0000 2019";"pueden volver a organizar una joda de estas por favorrrr y que explote todo . LO ESTARIA NECESITANDO URGENTEğŸ˜­ğŸ˜­ğŸ˜­ğŸ˜­ https://t.co/kZtGd39MoI";1200497622768930816;NA;"Aá´ºáµ€á´¼";"_Antofranco";""
"Fri Nov 29 19:31:42 +0000 2019";"EstarÃ­a necesitando que ya sea 1Âº de febrero.";1200497584076443648;NA;"â™ ";"IgnacioBuhler";"Buenos Aires, Argentina"
"Fri Nov 29 19:31:42 +0000 2019";"ESTOY BUSCANDO DISTRIBUIDORES PARA MONAT! Si conocen personas necesitando generar $ ayudando a otros, comparte esteâ€¦ https://t.co/5Jb0UMCvgB";1200497582214189056;NA;"Monat by Yaddiann";"YadiraR81620736";"San Juan ,Puerto Rico"
"Fri Nov 29 19:26:38 +0000 2019";"La confianza que estarÃ­a necesitando https://t.co/6iMF7fqFiu";1200496308827623426;NA;"DoraaaağŸ·";"Doraaa36396201";""
"Fri Nov 29 19:22:25 +0000 2019";"Ya estoy necesitando masajes y mimitos";1200495245013725184;NA;"Wendy Mesa";"WendyMesa4";"Treinta y Tres, Uruguay"
"Fri Nov 29 19:21:11 +0000 2019";"RT @AgostinaLola: Lo q estarÃ­a necesitando https://t.co/JyEdu0W5hU";1200494934601670656;NA;"Delfina";"Delfina21238931";"Comodoro Rivadavia, Argentina"
"Fri Nov 29 19:19:30 +0000 2019";"EstarÃ­a necesitando uno https://t.co/hhD1jhKSM6";1200494511828459522;NA;"cattağŸ¤ŸğŸ¼";"Cata_testino1";"Caballito"
"Fri Nov 29 19:17:56 +0000 2019";"estimado @NicoDelgadoSan he cambiado el termo y estarÃ­a necesitando uno de los pegotines de @arribaunrayo por razones!";1200494118172016641;NA;"Pollito_ninja (oligarca)";"pollitoninja_";"La Paloma Uruguay"
"Fri Nov 29 19:14:55 +0000 2019";"Estaria necesitando mil tostados de jamon y queso, @AleLascalea_  todo tu culpa";1200493358252212224;NA;"VicğŸ¤";"SeguraViki";""
"Fri Nov 29 19:13:04 +0000 2019";"EstarÃ­a necesitando los mimos d cami en el pelo ğŸ¥´";1200492894945239040;NA;"R O M I N A ğŸŒŸ";"romilannndia";"Maldonado, Uruguay"
"Fri Nov 29 19:12:20 +0000 2019";"Lo q estarÃ­a necesitando https://t.co/JyEdu0W5hU";1200492709099835392;NA;"ChichoğŸŒ·ğŸ’š";"AgostinaLola";"Buenos Aires, Argentina"
"Fri Nov 29 19:12:15 +0000 2019";"EstarÃ­a necesitando 1kg de heladoğŸ˜";1200492688765796352;NA;"MarağŸ’›";"MaraLabaque";"Misiones, Argentina"
"Fri Nov 29 19:10:57 +0000 2019";"RT @_ceciarzamendia: EstarÃ­a necesitando un vaso gigante de caipiruva";1200492359802327041;NA;"Nady BenÃ­tez";"nadybenitezc";"Yuty, Caazapa "
"Fri Nov 29 19:10:15 +0000 2019";"@olgalg_ Los pibes asÃ­ donde andan? Porque estarÃ­a necesitando uno";1200492186372063233;1199422521633910800;"Luchy Saudejaudâ™¡";"CeleSaudejaud";"Entre RÃ­os, Argentina"
"Fri Nov 29 19:09:54 +0000 2019";"EstarÃ­a necesitando que se largue a llover";1200492097217929217;NA;"Amador";"amadxribanez";"VenadoT, Sta FÃ© | Buenos Aires"
"Fri Nov 29 19:08:04 +0000 2019";"EstarÃ­a necesitando que alguien me enseÃ±e a dormir siesta. ğŸ¤¦ğŸ»â€â™€ï¸";1200491636423319552;NA;"ğ‘¨ğ’ˆğ’–ğ’”ğ’•ğ’Šğ’ğ’‚";"AgustinaRuizz98";"Santiago del Estero, Argentina"
"Fri Nov 29 19:07:39 +0000 2019";"RT @luuchasampii: estarÃ­a necesitando ir a mc";1200491532022898692;NA;"Ğ¡Î±ÊÎ¹â„“Î±";"_martinezcam";""
"Fri Nov 29 19:06:32 +0000 2019";"RT @Braianusv11: Estaria necesitando un 1kg de helado para a mi soloğŸ˜";1200491250358599680;NA;"aaaaaaaa";"aabigailferreyr";"Cordoba, Argentina"
"Fri Nov 29 19:04:30 +0000 2019";"Estaria necesitando un 1kg de helado para a mi soloğŸ˜";1200490735667154944;NA;"Braianâš½";"Braianusv11";"Argentina"
"Fri Nov 29 19:03:33 +0000 2019";"EstarÃ­a necesitando a alguien que me cebe teres mientras estudio, peeero no va a aparecer nadie asÃ­ que tranqui voy a tomar sola ğŸ˜‚ğŸ˜‚";1200490497078386689;NA;"Andy!";"AndyAlcaraz10";""
"Fri Nov 29 19:01:06 +0000 2019";"Necesito estudiar, pero estarÃ­a necesitando comida";1200489880733831171;NA;"Maxi Undarzon";"underMaxi";"Kiyu, San Jose"
"Fri Nov 29 19:00:42 +0000 2019";"RT @MelaVillalba4: EstarÃ­a necesitando vacaciones en las sierras ğŸ¤¤";1200489779810439168;NA;"ğ™¶ğš„ğ™°ğ™³ğ™°ğ™»ğš„ğ™¿ğ™´";"guadapereyraaa";""
"Fri Nov 29 19:00:01 +0000 2019";"estarÃ­a necesitando platuli para poder salir maÃ±anaağŸ™„";1200489610708733952;NA;"ğ–•ğ–”ğ–‘ğ–†ğ–ˆğ–† ğŸ’‹";"Valenpaoloca1";"Bragado, Argentina"
"Fri Nov 29 18:59:20 +0000 2019";"estaria necesitando masajes en todo el cuerpo";1200489435223207936;NA;"ğ–‹";"FlorMingott";"Mercedes,Buenos Aires"
"Fri Nov 29 18:57:09 +0000 2019";"@isabellamunoz04 @ShaninAlmeida_ Hola, donde puedo ver tu trabajo? @isabellamunoz04 siempre estoy necesitando maquillista";1200488886545326080;1200468261135175700;"nod";"nodier_alexis";"Panama"
"Fri Nov 29 18:57:02 +0000 2019";"RT @Whoriano: EstarÃ­a necesitando mas o menos toda la birra de la ciudad para quitar el pirevai.";1200488859370475520;NA;"AnÃ­bal";"_arivasll";"Asuncion, Paraguay"
"Fri Nov 29 18:54:43 +0000 2019";"EstarÃ­a necesitando como en los Sims, poner la velocidad en nivel 3 de acÃ¡ al lunes, porque todo lo que tengo que vâ€¦ https://t.co/RG1Etb7moT";1200488274013409280;NA;"Saint - Yago";"AgarfAlecnac";"Montevideo, Uruguay"
"Fri Nov 29 18:52:29 +0000 2019";"RT @CamilaBust2: Estaria necesitando dormir tipo 50 hs seguidas...";1200487712366694400;NA;"Tomi âš¡";"tomasperrinelle";"CÃ³rdoba, Argentina"
"Fri Nov 29 18:52:06 +0000 2019";"RT @BomboEx: Como ahora te estoy necesitando... https://t.co/lFjOKqc61X";1200487618837913600;NA;"Fonfo";"BomboEx";""
"Fri Nov 29 18:51:53 +0000 2019";"RT @LuanaMagali16: Estoy buscando trabajo, ya sea cuidado de ancianos, o niÃ±os, (tengo experiencia) Lo estoy necesitando, si me ayudan a diâ€¦";1200487562076475396;NA;"Valen";"ValenCalanni";"Rosario, Argentina"
"Fri Nov 29 18:49:17 +0000 2019";"EstarÃ­a necesitando un acompaÃ±ante para ir a correr ya";1200486908595453953;NA;"MARTINA";"MarRodriguezS2";"Mendoza, Entre rios, Argentina"
"Fri Nov 29 18:49:15 +0000 2019";"EstarÃ­a necesitando que vuelva el ax";1200486899116326913;NA;"Alexxis";"Alexish985";"larroque"
"Fri Nov 29 18:48:16 +0000 2019";"RT @nachomacario8: EstarÃ­a necesitando una coca bien helada y la pileta";1200486652952625154;NA;"MğŸ¦‹";"MGraneero";""
"Fri Nov 29 18:47:38 +0000 2019";"EstarÃ­a necesitando comprarme ropa. MUCHA.";1200486493220823040;NA;"Candela";"candeortiz97";""
"Fri Nov 29 18:46:49 +0000 2019";"RT @valeenCredico: EstarÃ­a necesitando irme bien a la mierda y no aparecer por un par de dÃ­as";1200486285774925824;NA;"LT smash";"LTunici";"La Plata, Argentina"
"Fri Nov 29 18:46:38 +0000 2019";"Se acuerdan del sinfonico? Naaaa que locura fue eso man, se estaria necesitando otro @GuidoAIRBAG @GastonSardelli @AIRBAGoficial";1200486242313474053;NA;"AirbagğŸ¤˜â˜‡";"pibekalash";""
"Fri Nov 29 18:45:43 +0000 2019";"EstarÃ­a necesitando un mes en las Maldivas...";1200486009777065984;NA;"DiegoğŸ‹ï¸";"diegoeber";"Santa Fe, Argentina"
"Fri Nov 29 18:43:22 +0000 2019";"@V84Patagonia Aaaaa noooo...! EstarÃ­a necesitando urgente,una terapia de Ã©sas...ğŸ˜";1200485417876905984;1200427605507358700;"@radaelnegro";"radaelnegro";""
"Fri Nov 29 18:42:16 +0000 2019";"Estaria necesitando nuevas amistades LPMğŸ˜’";1200485143988846594;NA;"ğ‘€ğ’¾ğ“ğ‘œ ğ’¹ğ‘’ ğ¸ğ“ˆğ’¸ğ‘œğ“‡ğ“…ğ’¾ğ‘œâ™";"Mendez98Alex";"Jose Leon Suarez, Argentina "
"Fri Nov 29 18:39:48 +0000 2019";"EstarÃ­a necesitando helado y plata para comprarlo";1200484519997952000;NA;"ğŸ‘½";"MeeliTejadaa";""
"Fri Nov 29 18:39:22 +0000 2019";"jajjajajajja me pasa, despuÃ©s estoy necesitando lo que borrÃ© https://t.co/vA11fnR7W6";1200484412351221761;NA;"sebas";"sebascantb";"Barranquilla, Colombia"
"Fri Nov 29 18:38:38 +0000 2019";"bueno ahora que supuestamente viene harry estaria necesitando un sugar daddy pq las entradas me van a costar un riÃ±on";1200484226858180610;NA;"ğ¯ğšğ¥ğğ§ğ­ğ¢ğ§ğš â—ŸÌ½â—Ì½";"icarustyles_";"in princess park"
"Fri Nov 29 18:38:28 +0000 2019";"RT @MaxiNavarro13: EstarÃ­a necesitando gente asÃ­ en mi vida https://t.co/DcdCVoWfA2";1200484183904309254;NA;"Nar";"NareePereez";"RÃ­o Negro, Argentina"
"Fri Nov 29 18:37:53 +0000 2019";"Como ahora te estoy necesitando... https://t.co/lFjOKqc61X";1200484038206726145;NA;"Fonfo";"BomboEx";""
"Fri Nov 29 18:34:34 +0000 2019";"EstarÃ­a necesitando tomar un fernet en el parque..";1200483202672078848;NA;"àª¡êª®êª¶ ğŸ‘";"Sol01237";"Mendoza, Argentina"
"Fri Nov 29 18:34:16 +0000 2019";"EstarÃ­a necesitando bloquear gente en twitter para descargarme pero serÃ­a muy obvio ajjaja ^-^ manga de muertos";1200483130790027270;NA;"Axel Agustin";"axelagustin114";""
"Fri Nov 29 18:33:32 +0000 2019";"RT @delosriosbelen: EstarÃ­a necesitando entender la necesidad que siente la gente de ser un estandarte de la moral en pÃºblico, escrachandoâ€¦";1200482945942851586;NA;"Juan Cricco";"juancricco";""
"Fri Nov 29 18:31:35 +0000 2019";"EstarÃ­a necesitando entender la necesidad que siente la gente de ser un estandarte de la moral en pÃºblico, escrachaâ€¦ https://t.co/tQKdzOHhRi";1200482451707043840;NA;"BelÃ©n Oviedo";"delosriosbelen";"Asuncion, Paraguay"
"Fri Nov 29 18:31:12 +0000 2019";"RT @lucalderondm: Estoy adquiriendo un nuevo deseo espiritual:Que todos los que usan el tÃ©rmino â€œfachoâ€ sean automÃ¡ticamente transportadoâ€¦";1200482356186009600;NA;"Juan Felipe Cruz";"JuanFelipeCruzO";"BogotÃ¡, Colombia"
"Fri Nov 29 18:27:54 +0000 2019";"la estarÃ­a necesitando :/";1200481524937822215;NA;"jiki";"hiki_lib";"lomas"
"Fri Nov 29 18:25:35 +0000 2019";"En estos momentos estarÃ­a necesitando un vaso con ensalada de fruta y a Ã©l ğŸ™„";1200480942084755456;NA;"Milagros ğŸ‘‘";"MilyDai13";""
"Fri Nov 29 18:24:21 +0000 2019";"EstarÃ­a necesitando https://t.co/LtYS5MjTvW";1200480632008257537;NA;"Kat Barba Rudler";"BarbaKat";"Paraguay"
"Fri Nov 29 18:23:51 +0000 2019";"Algo que estarÃ­a necesitando en este momento https://t.co/UdTzK65PcI";1200480508888662026;NA;"delfigavier";"delfigavier";""
"Fri Nov 29 18:23:32 +0000 2019";"Estoy necesitando a Cristian en estos momentos,pero el no quiere ni verme...ğŸ˜¢";1200480426755837953;NA;"Toxica";"Mayra17164511";"Artigas, Uruguay"
"Fri Nov 29 18:20:56 +0000 2019";"@ClariiFrancoo @AyalaChavelli EstarÃ­a necesitando una fiesta patronal para festejar este logro";1200479771622354944;1200227666881908700;"Cecilia Nicolhe";"ceciarandaaa1";""
"Fri Nov 29 18:19:17 +0000 2019";"RT @fraanventura18: EstarÃ­a necesitando tanto un viaje en moto para despejar âœŠ";1200479359859073031;NA;"â˜ª W Ã¤ l oğŸŒ· â€¢ Ø§Ù„ØµÙŠÙ† Ø§Ù„Ù‚Ø¯ÙŠÙ…Ø© â€¢";"LumiLopezV";"San antonio de padua, Bs As"
"Fri Nov 29 18:16:51 +0000 2019";"RT @Valecollado1: Estaria necesitando tomar sol";1200478746802823170;NA;"Macarena";"Macarenaroldann";"Santiago del Estero, Argentina"
"Fri Nov 29 18:16:27 +0000 2019";"RT @NaiiL12: un smirnoff  y una pileta es lo que estoy necesitando ğŸ’†";1200478645409718272;NA;"Gaston Giorgis";"Gaston_Giorgis";"La Laguna - CÃ³rdoba"
"Fri Nov 29 18:15:36 +0000 2019";"RT @joamosqueira: Estoy necesitando una playa de Brasil POR MI CARAAAAA!";1200478433320542208;NA;"malÃ©fica";"guachitaPP";"Asuncion, Paraguay"
"Fri Nov 29 18:15:20 +0000 2019";"RT @Valecollado1: Estaria necesitando tomar sol";1200478364173316101;NA;"Lá´œá´…á´ÉªÊŸá´€";"Lud_gomezz";"Santiago del Estero, Argentina"
"Fri Nov 29 18:14:29 +0000 2019";"RT @nachomacario8: EstarÃ­a necesitando una coca bien helada y la pileta";1200478150637039616;NA;"â„“Î±É¾Î±Î±ğŸ";"Lara_Stall";""
"Fri Nov 29 18:13:08 +0000 2019";"EstarÃ­a necesitando mil bikinis ğŸ˜";1200477811485691904;NA;"Meel Cabrera";"MeelCabrera5";"Misiones, Argentina"
"Fri Nov 29 18:12:38 +0000 2019";"RT @gacoreva: En serio estoy necesitando un trabajo, si alguien sabe de algo please help ğŸ™ğŸ»";1200477683630690306;NA;"Aghatta Alvarado";"AlvaradoAghatta";""
"Fri Nov 29 18:12:37 +0000 2019";"@valeriaschapira Para comÃ©rselo a besos al Oso! Apapachalo por mÃ­ porfi, lo estoy necesitando. Besos y gracias por la foto.";1200477680174608386;1200170188131504000;"Graciela Guerrero";"graguerre";""
"Fri Nov 29 18:11:10 +0000 2019";"RT @MelaVillalba4: EstarÃ­a necesitando vacaciones en las sierras ğŸ¤¤";1200477317442756608;NA;"belÃ©n";"beleenlujan";"Villa Maria, Argentina"
"Fri Nov 29 18:10:51 +0000 2019";"RT @Cande35838812: EstarÃ­a necesitando un re abrazÃ³ lpm";1200477234244530177;NA;"Genchu";"Genchu9";""
"Fri Nov 29 18:10:47 +0000 2019";"Estaria necesitando una salida al tropi con vos Como los viejos tiempos";1200477219883225088;NA;"DiannaEstefaniaâ™¥";"DiannaSoler";"Buenos Aires, Tigre! "
"Fri Nov 29 18:09:56 +0000 2019";"@pachifois @Rociojanette Hola, yo estarÃ­a necesitando ese servicio. Â¿CuÃ¡nto cuesta?";1200477004195356677;1200476823311802400;"ğŸ’š Who Will Ascend to Valhalla?";"Wilpagliaccio";"AsunciÃ³n, Paraguay"
"Fri Nov 29 18:09:42 +0000 2019";"RT @Agusperez0710: EstarÃ­a necesitando gente segundera, que yo le diga, cheee me acompaÃ±as a tal lugar? Y me diga, dale vamos.Porque ya caâ€¦";1200476945294733312;NA;"â„ğ• ğ•”ğ•šğ• ";"rociivasquez_";""
"Fri Nov 29 18:08:11 +0000 2019";"RT @Valecollado1: Estaria necesitando tomar sol";1200476562992316416;NA;"nachitoğŸ¤ŸğŸ»";"Igna5igna";"-Santiago-"
"Fri Nov 29 18:06:24 +0000 2019";"RT @Cande35838812: EstarÃ­a necesitando un re abrazÃ³ lpm";1200476114629677058;NA;"Sa ğŸ’œ";"Sasha__15";"Venado Tuerto, Argentina"
"Fri Nov 29 18:06:13 +0000 2019";"En estos momentos estarÃ­a necesitando el gorro de AgustÃ­n";1200476067947012096;NA;"CAMILAâ™‰ï¸";"CamiiEt18";"PaysandÃº, Uruguay"
"Fri Nov 29 18:05:33 +0000 2019";"estarÃ­a necesitando a alguien q quiera ir conmigo al dique 24/7";1200475902662057984;NA;"mandi";"mandilacourt";""
"Fri Nov 29 18:05:16 +0000 2019";"EstarÃ­a necesitando que en tw se le pueda poner corazoncito a los mensajes directos. Con eso quedÃ³ bien y no hace fâ€¦ https://t.co/9anHInm9CD";1200475832248160256;NA;"China";"Chinabfernandez";""
"Fri Nov 29 18:04:23 +0000 2019";"@agostinacodocea @Trinida30637064  lo estarÃ­a necesitando https://t.co/LxVE5PFt3N";1200475607890575360;NA;"Paula Diaz";"paulydiazd";""
"Fri Nov 29 18:04:21 +0000 2019";"EstarÃ­a necesitando que SofÃ­a me responda ğŸ˜¡";1200475600139563009;NA;"Agus_seguraa";"SeguraaAgus";""
"Fri Nov 29 18:03:44 +0000 2019";"EstarÃ­a necesitando un re abrazÃ³ lpm";1200475446946779136;NA;"Cande";"Candeegallardoo";""
"Fri Nov 29 18:03:42 +0000 2019";"estaria necesitando dejar de soÃ±ar con este pibe..";1200475436347727873;NA;".â€¢ Î±nto.â€¢â™¡";"antoomorelli";""
"Fri Nov 29 18:03:41 +0000 2019";"RT @moniavila93: EstarÃ­a necesitando teletransportarme a una playa desierta sin wifi";1200475434053447686;NA;"Betha âœ¨";"Lucia_betha94";"Asuncion, Paraguay ğŸ‡µğŸ‡¾"
"Fri Nov 29 18:03:12 +0000 2019";"EstarÃ­a necesitando alguien que me cebe terere mientras estudio";1200475310594113537;NA;"Tania";"_TaniaPerez";"Asuncion, Paraguay"
"Fri Nov 29 18:03:06 +0000 2019";"EstarÃ­a necesitando que vuelvan a producir el minimal de la vieja escuela ğŸ˜­https://t.co/93GyGkheI2";1200475286330056704;NA;"G. Strizzolo";"WillStrizzolo";"Rosario, Argentina"
"Fri Nov 29 18:02:15 +0000 2019";"RT @NaiiL12: un smirnoff  y una pileta es lo que estoy necesitando ğŸ’†";1200475070768041984;NA;"[Ì…Ì²A][Ì…Ì²n][Ì…Ì²d][Ì…Ì²r][Ì…Ì²e][Ì…Ì²s]";"santiano_andres";"Arroyo Cabral,CÃ³rdoba, Argenti"
"Fri Nov 29 18:01:02 +0000 2019";"EstarÃ­a necesitando pile y cervezas.";1200474765158424576;NA;"JoaquÃ­n Velardez";"geronimo27vel";""
"Fri Nov 29 17:58:27 +0000 2019";"Estoy necesitando ğŸ˜ª https://t.co/qrmIxwV1g9";1200474117364994050;NA;"Daniel RolÃ³n";"danielrolonpy";"Paraguay!"
"Fri Nov 29 17:57:10 +0000 2019";"RT @ornebottan1: Estoy harta de todo, estarÃ­a necesitando una vida nueva";1200473793480839168;NA;"â·";"emigirod";""
"Fri Nov 29 17:53:23 +0000 2019";"pa man estoy liqui dado andarÃ­a necesitando una frÃ­a o 1 piscina";1200472839410847744;NA;"ÊÉ‘Ê€";"sotom07";"Uruguay"
"Fri Nov 29 17:52:59 +0000 2019";"EstarÃ­a necesitando sÃ­ o sÃ­ un laburo. Ahora sÃ­ puede ser en el centro o en YB. Si saben algo me avisan porfi.";1200472738810519557;NA;"Leo Mathers";"LaLeoMathers";"Argentina"
"Fri Nov 29 17:52:55 +0000 2019";"No estaria muy segura si lo que ando necesitando es el sol, la sal o esa dosis de energia viajera.ğŸ’§Si puedo afirmâ€¦ https://t.co/4txJHWiyjt";1200472724486807552;NA;"Vale Pergamo";"yoValePergamo";""
"Fri Nov 29 17:50:04 +0000 2019";"RT @Valecollado1: Estaria necesitando tomar sol";1200472005977526272;NA;"LUCIA";"Lucia_gomezv";""
"Fri Nov 29 17:49:57 +0000 2019";"Tengo dos trabajos pero estarÃ­a necesitando TRES asÃ­ que estoy en la bÃºsqueda. Es en serio";1200471975535222784;NA;"Sele";"SeleneCaparaa";"Boca Juniors"
"Fri Nov 29 17:48:50 +0000 2019";"RT @nachomacario8: EstarÃ­a necesitando una coca bien helada y la pileta";1200471697079570432;NA;"Ê³áµ’á¶œâ±áµ’";"Romendozaaa";""
"Fri Nov 29 17:48:47 +0000 2019";"Estaria necesitando irme de campamento a la loma del orto, sin celular y sin nadieğŸ’†ğŸ¼â€â™€ï¸";1200471681002811394;NA;"Mayra";"MayraGea";"Necochea, Argentina"
"Fri Nov 29 17:48:09 +0000 2019";"EstarÃ­a necesitando un abrazo";1200471525285081089;NA;"Nata";"NataliaJoglar";"Buenos Aires, ArgentinağŸ‡¦ğŸ‡·"
"Fri Nov 29 17:47:49 +0000 2019";"RT @Agusperez0710: EstarÃ­a necesitando gente segundera, que yo le diga, cheee me acompaÃ±as a tal lugar? Y me diga, dale vamos.Porque ya caâ€¦";1200471441315160065;NA;"Hayde Prado ğŸŒ¸";"AnaPrado2310";"RÃ­o Negro, Argentina"
"Fri Nov 29 17:47:10 +0000 2019";"En estos momentos estarÃ­a necesitando1) saber maquillar o2) conocer a alguien que sepa y me maquille ğŸ˜­";1200471274356662273;NA;"Anghi";"FerreyraAnn";""
"Fri Nov 29 17:46:13 +0000 2019";"Estoy harta de todo, estarÃ­a necesitando una vida nueva";1200471038758445056;NA;"ğ’ªğ“‡ğ“ƒğ‘’ğ“ğ“ğ’¶";"ornebottan1";"La Plata, Buenos Aires"
"Fri Nov 29 17:44:43 +0000 2019";"EstarÃ­a necesitando hacerme otro aritoO";1200470657521405953;NA;"AbrilğŸ—£ï¸";"abrilFalconee";""
"Fri Nov 29 17:44:41 +0000 2019";"EstarÃ­a necesitando salir de rendir mi Ãºltimo final, que me tiren huevos/mezcla y me saquen fotos con el cartelitoâ€¦ https://t.co/KP8jR1f6zC";1200470652232327169;NA;"sá´Ò“Éªá´€ á´„á´€Ê€á´‡ÊŸÊŸá´€";"SofiCarella";""
"Fri Nov 29 17:42:04 +0000 2019";"EstarÃ­a necesitando un Ãºltimo desmadre con mis amigas antes de irme y no estarÃ­a viendo que se reporten";1200469993336573963;NA;"N A Z A RğŸ‘‘";"nazarevi21";"Santiago del Estero, Argentina"
"Fri Nov 29 17:41:26 +0000 2019";"RT @nachomacario8: EstarÃ­a necesitando una coca bien helada y la pileta";1200469833709740032;NA;"Rodrigo";"Enano_2905";"Capital - CÃ³rdoba, Argentina"
"Fri Nov 29 17:40:52 +0000 2019";"RT @Agusperez0710: EstarÃ­a necesitando gente segundera, que yo le diga, cheee me acompaÃ±as a tal lugar? Y me diga, dale vamos.Porque ya caâ€¦";1200469691749339143;NA;"Abril~";"_Abril_Castro_";"Rio Negro, Argentina"
"Fri Nov 29 17:40:14 +0000 2019";"EstarÃ­a necesitando descolgar, por mi salud y por la de la gente que me rodea tambiÃ©n jaja";1200469529677254663;NA;"NicolÃ¡s ğŸ¾";"NikooGuti";""
"Fri Nov 29 17:39:47 +0000 2019";"RT @NaiiL12: un smirnoff  y una pileta es lo que estoy necesitando ğŸ’†";1200469416481308677;NA;"Yâˆ†ZğŸŒ™";"Yaazminacosta";"Hernando/CÃ³rdoba"
"Fri Nov 29 17:38:56 +0000 2019";"EstarÃ­a necesitando que estÃ©s acÃ¡ conmigo";1200469205692362752;NA;"PabloğŸŒ¹";"PabloAguero01";"CÃ³rdoba, Argentina"
"Fri Nov 29 17:38:43 +0000 2019";"RT @NaiiL12: un smirnoff  y una pileta es lo que estoy necesitando ğŸ’†";1200469147555172352;NA;"Rebe ğŸ¤";"Rebnavarro03";""
"Fri Nov 29 17:38:28 +0000 2019";"RT @gmz_yamila: Lo bien que me harÃ­a y lo estarÃ­a necesitando https://t.co/G2oq7pwxzF";1200469087635361792;NA;"Brend";"bssanchezz";""
"Fri Nov 29 17:38:25 +0000 2019";"RT @18Ezeescobar: EstarÃ­a necesitando tener a alguien en mi barrio para tomar mates con las noches asÃ­ de lindass";1200469073970241536;NA;"KeilağŸŒ¾";"Keila37285101";""
"Fri Nov 29 17:37:10 +0000 2019";"Quiero poner la mÃºsica a todo volumen, cantar y bailar... EstarÃ­a necesitando amigas para hacerlo mÃ¡s divertido";1200468759955283968;NA;"Mari âœ¨";"mariiisacco";""
"Fri Nov 29 17:35:27 +0000 2019";"Bueno, estoy necesitando que alguien me estÃ© apuntando con un revÃ³lver para ponerme a estudiar.";1200468328277577730;NA;"Nowhere GirlğŸŒ™";"panicshow_99";"ParanÃ¡, Argentina"
"Fri Nov 29 17:35:18 +0000 2019";"EstarÃ­a necesitando un 2 para ir al rio mÃ¡s tarde";1200468287613784068;NA;"Vale ï£¿ğŸ³ï¸â€ğŸŒˆ";"Valesigales";"Uruguay"
"Fri Nov 29 17:35:09 +0000 2019";"EstarÃ­a necesitando esto che https://t.co/w5TJcKxfJR";1200468250410311681;NA;"Ariel";"roperoretyma";"Paraguay"
"Fri Nov 29 17:34:55 +0000 2019";"un smirnoff  y una pileta es lo que estoy necesitando ğŸ’†";1200468191677419520;NA;"n a i r a n a.";"NaiiL12";"General San MartÃ­n, Argentina"
"Fri Nov 29 17:33:33 +0000 2019";"Unos re masaje estaria necesitando";1200467848096821248;NA;"1999";"duupyii";"Cipolletti, Argentina"
"Fri Nov 29 17:32:42 +0000 2019";"Que bronca que manejo.. ğŸ˜ ğŸ˜ ğŸ˜ ğŸ˜  estarÃ­a necesitando la bolsa de @WalterG10104970";1200467634740969472;NA;"Nico GarcÃ­a";"45_nicoo";"GualeguaychÃº, entre rÃ­os"
"Fri Nov 29 17:32:11 +0000 2019";"RT @luuchasampii: estarÃ­a necesitando ir a mc";1200467506961534977;NA;"nazarenÂªğŸ¥";"nazarenaarias_2";""
"Fri Nov 29 17:32:04 +0000 2019";"RT @TomyWilhjelm: Estaria necesitando que alguien me active esta noche";1200467477500768259;NA;"ğ“ªğ“·ğ“·ğ“ªğŸ‘";"AnnaTerzaghi";"Santa Fe, Argentina"
"Fri Nov 29 17:31:43 +0000 2019";"EstarÃ­a necesitando una ensalada de frutas helada, pero lo Ãºnico helado que tengo es hielo ğŸ˜­ğŸ˜­ğŸ˜­.";1200467387369345031;NA;"Pilar";"pscotto17";"Montevideo"
"Fri Nov 29 17:29:49 +0000 2019";"EstarÃ­a necesitando una coca bien helada y la pileta";1200466908681789441;NA;"âš“ï¸Nachoâš“ï¸";"nachomacario8";"CÃ³rdoba, Argentina"
"Fri Nov 29 17:29:17 +0000 2019";"EstarÃ­a necesitando una buena tormentita";1200466774745141248;NA;"YAEL";"YaellYalovetzk";"CÃ³rdoba, Laguna Larga "
"Fri Nov 29 17:27:15 +0000 2019";"Me contÃ³ mi mamÃ¡, que a mi padre le sorprendiÃ³ que me levante hoy 04:00 am para trabajar.PreguntÃ³ si estoy necesitaâ€¦ https://t.co/JhSTw9dO5R";1200466263585312768;NA;"Nelly Britez";"Nelly_Britez";"paraguay"
"Fri Nov 29 17:26:50 +0000 2019";"RT @Agu_Salomon: EstarÃ­a necesitando 1kg de helado de cerecettğŸ¤¤ğŸ¤¤";1200466158362607616;NA;"ğŸŒ¹ğŸ†ğŸ…´ğŸ…¶ğŸ…¶ğŸ…¸ğŸŒ¹";"Reggimicol";"Banda, Argentina"
"Fri Nov 29 17:26:41 +0000 2019";"RT @MartinaArmani2: EstarÃ­a necesitando un heladito de agua ğŸ¤¤";1200466122530799618;NA;"sadtiago";"Santiagoacost4";"Tandil, Argentina"
"Fri Nov 29 17:21:38 +0000 2019";"Los Ã±oquis de mi Abuela los estarÃ­a necesitandoğŸ˜‘";1200464851262459905;NA;"HyLCL!";"GiseelOrtiz1";"San Miguel de TucumÃ¡n, Argenti"
"Fri Nov 29 17:21:06 +0000 2019";"EstarÃ­a necesitando una 2nda";1200464717887787008;NA;"Lilith";"lilithhhz";"Hell"
"Fri Nov 29 17:20:28 +0000 2019";"RT @santidiosquez5: EstarÃ­a necesitando amigos/as con pileta";1200464555308208128;NA;"Luciano";"lucianofrison_";"Santiago del Estero, Argentina"
"Fri Nov 29 17:20:04 +0000 2019";"RT @EstebanSM8: EstarÃ­a necesitando desconectarme del mundo por unos dÃ­as, sin celu, sin ver a nadie, sin necesidad de estar con alguien. Nâ€¦";1200464454519074817;NA;"Sharon";"ShariDaviesG";"Argentina - Trelew, Chubut"
"Fri Nov 29 17:17:55 +0000 2019";"RT @MelaVillalba4: EstarÃ­a necesitando vacaciones en las sierras ğŸ¤¤";1200463914515009537;NA;"ğ•£ê«€êª€êª– âœ¶";"laurenti_rena";""
"Fri Nov 29 17:16:32 +0000 2019";"Estaria necesitando hacerte esto we xd https://t.co/KWpw1xdlJd";1200463564764528640;NA;"mauritto";"maurittodiaz_";""
"Fri Nov 29 17:15:29 +0000 2019";"EstarÃ­a necesitando uno teresss";1200463302264012800;NA;"HernÃ¡n Alegre";"hernanalegre27";"Corrientes, Argentina"
"Fri Nov 29 17:13:58 +0000 2019";"EstarÃ­a necesitando que mi vieja y mi hermana se vayan de mi casa";1200462921958068231;NA;"Emi Ãlvarez";"Emial99";""
"Fri Nov 29 17:13:40 +0000 2019";"RT @Valecollado1: Estaria necesitando tomar sol";1200462846569648129;NA;"Agostina";"Manira39209166";"ğŸ“Argentina"
"Fri Nov 29 17:13:34 +0000 2019";"@petrogustavo Estoy necesitando 3 a 4 seÃ±oritas con experiencia en belleza y cosmÃ©tica hace mucho tiempo, ofrezco mâ€¦ https://t.co/vKfcUv4yto";1200462820128776193;1200457187849638000;"Jorge Mario Segovia";"jomariosegovia";"BogotÃ¡ Colombia"
"Fri Nov 29 17:13:15 +0000 2019";"RT @18Ezeescobar: EstarÃ­a necesitando tener a alguien en mi barrio para tomar mates con las noches asÃ­ de lindass";1200462740160221184;NA;"quevedo ï£¿";"SeleneQuevedo06";"NeuquÃ©n, Argentina"
